CREATE DATABASE  IF NOT EXISTS `bpm2gp` /*!40100 DEFAULT CHARACTER SET utf8 */;
USE `bpm2gp`;
-- MySQL dump 10.13  Distrib 5.7.17, for Win64 (x86_64)
--
-- Host: mysql5006.site4now.net    Database: bpm2gp
-- ------------------------------------------------------
-- Server version	5.6.21-log

/*!40101 SET @OLD_CHARACTER_SET_CLIENT=@@CHARACTER_SET_CLIENT */;
/*!40101 SET @OLD_CHARACTER_SET_RESULTS=@@CHARACTER_SET_RESULTS */;
/*!40101 SET @OLD_COLLATION_CONNECTION=@@COLLATION_CONNECTION */;
/*!40101 SET NAMES utf8 */;
/*!40103 SET @OLD_TIME_ZONE=@@TIME_ZONE */;
/*!40103 SET TIME_ZONE='+00:00' */;
/*!40014 SET @OLD_UNIQUE_CHECKS=@@UNIQUE_CHECKS, UNIQUE_CHECKS=0 */;
/*!40014 SET @OLD_FOREIGN_KEY_CHECKS=@@FOREIGN_KEY_CHECKS, FOREIGN_KEY_CHECKS=0 */;
/*!40101 SET @OLD_SQL_MODE=@@SQL_MODE, SQL_MODE='NO_AUTO_VALUE_ON_ZERO' */;
/*!40111 SET @OLD_SQL_NOTES=@@SQL_NOTES, SQL_NOTES=0 */;

--
-- Table structure for table `associationconf`
--

DROP TABLE IF EXISTS `associationconf`;
/*!40101 SET @saved_cs_client     = @@character_set_client */;
/*!40101 SET character_set_client = utf8 */;
CREATE TABLE `associationconf` (
  `Id` varchar(40) NOT NULL,
  `Name` varchar(255) DEFAULT NULL,
  `DtCreation` datetime DEFAULT NULL,
  `idLanguage` varchar(40) DEFAULT NULL,
  `idGenre` varchar(40) DEFAULT NULL,
  `IsConstant` tinyint(1) DEFAULT NULL,
  `Inactive` tinyint(1) DEFAULT NULL,
  PRIMARY KEY (`Id`),
  KEY `idLanguage` (`idLanguage`),
  KEY `idGenre` (`idGenre`),
  KEY `idLanguage_2` (`idLanguage`),
  KEY `idGenre_2` (`idGenre`),
  KEY `idLanguage_3` (`idLanguage`),
  KEY `idGenre_3` (`idGenre`),
  CONSTRAINT `FKB776CA795B2EAA8E` FOREIGN KEY (`idGenre`) REFERENCES `gamegenre` (`Id`),
  CONSTRAINT `FKB776CA79A7698927` FOREIGN KEY (`idLanguage`) REFERENCES `modelinglanguage` (`Id`),
  CONSTRAINT `FKE80744B51E209D62` FOREIGN KEY (`idLanguage`) REFERENCES `modelinglanguage` (`Id`),
  CONSTRAINT `FKE80744B58D3AFCEE` FOREIGN KEY (`idGenre`) REFERENCES `gamegenre` (`Id`),
  CONSTRAINT `FKE89E9FD51E209D62` FOREIGN KEY (`idLanguage`) REFERENCES `modelinglanguage` (`Id`),
  CONSTRAINT `FKE89E9FD58D3AFCEE` FOREIGN KEY (`idGenre`) REFERENCES `gamegenre` (`Id`)
) ENGINE=InnoDB DEFAULT CHARSET=utf8;
/*!40101 SET character_set_client = @saved_cs_client */;

--
-- Dumping data for table `associationconf`
--

LOCK TABLES `associationconf` WRITE;
/*!40000 ALTER TABLE `associationconf` DISABLE KEYS */;
INSERT INTO `associationconf` VALUES ('4c4117ca-b9c9-4667-8bcf-57f69bfd2f7f','Mapping Adventure Elements v.4','2017-12-26 10:11:49','b8b1b942-ac76-4752-abad-594aefdc463f','b8cd64e3-78da-41b1-b595-ab88050cc470',1,0);
/*!40000 ALTER TABLE `associationconf` ENABLE KEYS */;
UNLOCK TABLES;

--
-- Table structure for table `associationconfelements`
--

DROP TABLE IF EXISTS `associationconfelements`;
/*!40101 SET @saved_cs_client     = @@character_set_client */;
/*!40101 SET character_set_client = utf8 */;
CREATE TABLE `associationconfelements` (
  `Id` varchar(40) NOT NULL,
  `idLanguageElement` varchar(40) DEFAULT NULL,
  `idGenreElement` varchar(40) DEFAULT NULL,
  `idAssociation` varchar(40) DEFAULT NULL,
  `Inactive` tinyint(1) DEFAULT NULL,
  PRIMARY KEY (`Id`),
  KEY `idLanguageElement` (`idLanguageElement`),
  KEY `idGenreElement` (`idGenreElement`),
  KEY `idAssociation` (`idAssociation`),
  KEY `idLanguageElement_2` (`idLanguageElement`),
  KEY `idGenreElement_2` (`idGenreElement`),
  KEY `idAssociation_2` (`idAssociation`),
  KEY `idLanguageElement_3` (`idLanguageElement`),
  KEY `idGenreElement_3` (`idGenreElement`),
  KEY `idAssociation_3` (`idAssociation`),
  CONSTRAINT `FK4BEC58E53B7BE5F1` FOREIGN KEY (`idAssociation`) REFERENCES `associationconf` (`Id`),
  CONSTRAINT `FK4BEC58E57F92B532` FOREIGN KEY (`idGenreElement`) REFERENCES `gamegenreelement` (`Id`),
  CONSTRAINT `FK4BEC58E58A35720A` FOREIGN KEY (`idLanguageElement`) REFERENCES `modelinglanguageelement` (`Id`),
  CONSTRAINT `FKA6629BFC3B7BE5F1` FOREIGN KEY (`idAssociation`) REFERENCES `associationconf` (`Id`),
  CONSTRAINT `FKA6629BFC7F92B532` FOREIGN KEY (`idGenreElement`) REFERENCES `gamegenreelement` (`Id`),
  CONSTRAINT `FKA6629BFC8A35720A` FOREIGN KEY (`idLanguageElement`) REFERENCES `modelinglanguageelement` (`Id`),
  CONSTRAINT `FKB8CDFC7A4505046B` FOREIGN KEY (`idLanguageElement`) REFERENCES `modelinglanguageelement` (`Id`),
  CONSTRAINT `FKB8CDFC7A678D322E` FOREIGN KEY (`idAssociation`) REFERENCES `associationconf` (`Id`),
  CONSTRAINT `FKB8CDFC7AF4619B9C` FOREIGN KEY (`idGenreElement`) REFERENCES `gamegenreelement` (`Id`)
) ENGINE=InnoDB DEFAULT CHARSET=utf8;
/*!40101 SET character_set_client = @saved_cs_client */;

--
-- Dumping data for table `associationconfelements`
--

LOCK TABLES `associationconfelements` WRITE;
/*!40000 ALTER TABLE `associationconfelements` DISABLE KEYS */;
INSERT INTO `associationconfelements` VALUES ('00a4833b-15ee-4101-a7bc-c7b1a30cdce2','26345c60-b7be-4098-ab36-d5b075aad479','b3f9185d-81eb-4a82-ba6c-b385105d7e6d','4c4117ca-b9c9-4667-8bcf-57f69bfd2f7f',NULL),('0281e8c1-2708-46ff-8fda-5b8a96aa3186','dcac9d99-0ad7-4a64-b1c2-97782c4ea189','b10def87-95b3-4846-9c05-8efafe36b225','4c4117ca-b9c9-4667-8bcf-57f69bfd2f7f',NULL),('0654c398-db9b-4c5e-b0c9-c192f4a77c72','b6f2efde-7e32-4614-b565-76d65cd9b781','07ecefe5-eacc-40e7-b973-d91639a6e939','4c4117ca-b9c9-4667-8bcf-57f69bfd2f7f',NULL),('1a568657-dacc-4399-8989-a01cb3087a69','af3af5ed-67f6-4ed9-b86b-e1c7861f091b','143d0fd1-15eb-44a9-a098-588c6ea90196','4c4117ca-b9c9-4667-8bcf-57f69bfd2f7f',NULL),('20209769-e52b-4ad1-8239-9dfac4f2f467','e733e91c-99a0-4eee-ab84-65f79b56b5e7','07ecefe5-eacc-40e7-b973-d91639a6e939','4c4117ca-b9c9-4667-8bcf-57f69bfd2f7f',NULL),('27abfc70-f0c6-49af-bedb-4da2b4c606bc','dc029987-fd24-489c-923a-31680c1569ec','07ecefe5-eacc-40e7-b973-d91639a6e939','4c4117ca-b9c9-4667-8bcf-57f69bfd2f7f',NULL),('2b6cf385-5644-425e-b09b-801ffa84fa20','aca11f49-5c32-47cc-93b2-8c815fbd5808','b3f9185d-81eb-4a82-ba6c-b385105d7e6d','4c4117ca-b9c9-4667-8bcf-57f69bfd2f7f',NULL),('4765c509-9eee-403c-a897-754377f8df9c','731bfdaf-59d2-48bb-9a41-179a42f36176','56f309e0-8f8f-436a-a17f-bc0062758db6','4c4117ca-b9c9-4667-8bcf-57f69bfd2f7f',NULL),('4987ae0b-4f82-4395-aa78-57b2c9893b05','31eadc22-0fd8-45ba-b15a-fa822aaeda38','a2b2192a-69b5-44ee-9ca0-0606aed1acce','4c4117ca-b9c9-4667-8bcf-57f69bfd2f7f',NULL),('49cff4eb-0068-43be-a569-7af10491e475','66d7087e-764e-4e80-829b-c1522f96ae3c','a2b2192a-69b5-44ee-9ca0-0606aed1acce','4c4117ca-b9c9-4667-8bcf-57f69bfd2f7f',NULL),('54f1e7c4-5a27-4bd8-bb64-89cbf38ef33e','66d7087e-764e-4e80-829b-c1522f96ae3c','2047a756-2f40-4c4c-8a0c-722509cae42f','4c4117ca-b9c9-4667-8bcf-57f69bfd2f7f',NULL),('5f1937b4-5c2c-457c-b661-e5de6ecbddf7','45a8a364-d28d-4eab-8b65-4bf28f5bcf68','aafd3f32-8209-4ea6-90db-41cc2294e50f','4c4117ca-b9c9-4667-8bcf-57f69bfd2f7f',NULL),('67b610bd-4d00-442e-828d-304008be22fc','65e75f2d-86ec-47ad-862f-80e6f568d60f','b3f9185d-81eb-4a82-ba6c-b385105d7e6d','4c4117ca-b9c9-4667-8bcf-57f69bfd2f7f',NULL),('6a1837b8-99d5-4795-90a1-2ac252955632','dcac9d99-0ad7-4a64-b1c2-97782c4ea189','ddeabd7a-2e66-4cf0-94b1-b10697094e9b','4c4117ca-b9c9-4667-8bcf-57f69bfd2f7f',NULL),('70766c1f-ffc4-40f5-966d-a19447ce0701','10a1ab6b-3184-4d24-b55a-bcde30861ead','aafd3f32-8209-4ea6-90db-41cc2294e50f','4c4117ca-b9c9-4667-8bcf-57f69bfd2f7f',NULL),('71ec28fa-5959-4d4b-bbf6-552597da3342','a6e2da4c-8b05-49c8-8406-467f4a47906b','f1c5fae6-f23c-4f4c-a77a-299fb4dcd21b','4c4117ca-b9c9-4667-8bcf-57f69bfd2f7f',NULL),('765c2918-df9f-4dc6-8174-be954c5dee52','af3af5ed-67f6-4ed9-b86b-e1c7861f091b','9d297fff-deaa-4497-a8cc-ad056a383e6d','4c4117ca-b9c9-4667-8bcf-57f69bfd2f7f',NULL),('80c9886f-35d5-4304-9a4f-0b257faf2e1a','8fb31f6b-3955-447e-a6a6-657d26f0e78e','bd655881-0d4b-460b-9fbd-ea577d3aa417','4c4117ca-b9c9-4667-8bcf-57f69bfd2f7f',NULL),('8b63e0ca-e5b5-4bbe-8dce-b3bf4597279b','26345c60-b7be-4098-ab36-d5b075aad479','0398bdf4-bc79-42d6-8109-017b826b4b39','4c4117ca-b9c9-4667-8bcf-57f69bfd2f7f',NULL),('9d55bc14-097c-40b5-b9b5-b59f3888e573','992c92d5-1e08-4a00-ab4d-59856c83647a','b3f9185d-81eb-4a82-ba6c-b385105d7e6d','4c4117ca-b9c9-4667-8bcf-57f69bfd2f7f',NULL),('ad054701-fb8a-4c9c-850c-f2583f9df4a7','a6e2da4c-8b05-49c8-8406-467f4a47906b','9d297fff-deaa-4497-a8cc-ad056a383e6d','4c4117ca-b9c9-4667-8bcf-57f69bfd2f7f',NULL),('adbb6f7b-be4a-4e7e-921b-bbfd0a29b3fd','731bfdaf-59d2-48bb-9a41-179a42f36176','4a4d03ad-ae27-4f49-8289-260c62b1cd8d','4c4117ca-b9c9-4667-8bcf-57f69bfd2f7f',NULL),('b238ccd6-18b1-4fec-b42f-4093171fe5fb','a6e2da4c-8b05-49c8-8406-467f4a47906b','fcb1c5b1-ab39-4178-b905-0efe19f3c6d5','4c4117ca-b9c9-4667-8bcf-57f69bfd2f7f',NULL),('b6b8e23b-719f-432e-8bfa-114684401398','731bfdaf-59d2-48bb-9a41-179a42f36176','b3f9185d-81eb-4a82-ba6c-b385105d7e6d','4c4117ca-b9c9-4667-8bcf-57f69bfd2f7f',NULL),('b93ad02e-ebc4-4419-87d5-43a40e45c107','e9524f1e-ea42-4a61-9cdc-84605e673607','9d297fff-deaa-4497-a8cc-ad056a383e6d','4c4117ca-b9c9-4667-8bcf-57f69bfd2f7f',NULL),('c166912a-b093-4604-a2cf-3c503438c95b','8a41aa9e-c368-4101-988c-e06b7dc669b3','07ecefe5-eacc-40e7-b973-d91639a6e939','4c4117ca-b9c9-4667-8bcf-57f69bfd2f7f',NULL),('c288de5b-6e3c-40c0-8da4-27eaa9fb0ebf','9ebe6f66-8f94-42b5-ab97-8b8b71201395','b3f9185d-81eb-4a82-ba6c-b385105d7e6d','4c4117ca-b9c9-4667-8bcf-57f69bfd2f7f',NULL),('caeef544-8b9e-46b9-b9ad-6882afba4767','8fb31f6b-3955-447e-a6a6-657d26f0e78e','fd7e51ff-da9f-4eb5-bbba-24186283199b','4c4117ca-b9c9-4667-8bcf-57f69bfd2f7f',NULL),('cc680cc5-b0a3-436a-9868-f2488549a2ab','cce12713-1de1-4927-877c-030394691ea1','b3f9185d-81eb-4a82-ba6c-b385105d7e6d','4c4117ca-b9c9-4667-8bcf-57f69bfd2f7f',NULL),('d4119eb6-7e4d-4cf8-8ad9-7d6c61d9598f','7780c25a-0962-4049-947d-042ab671fdcf','f20f75aa-0764-4b67-9171-e7d6ac6c9b57','4c4117ca-b9c9-4667-8bcf-57f69bfd2f7f',NULL),('dd905def-db9d-46f0-87b0-8561d06622ca','14ed9e30-b664-4583-93d9-3473106335fd','fdd6f089-28ff-4beb-8c97-bc7372e4566b','4c4117ca-b9c9-4667-8bcf-57f69bfd2f7f',NULL),('eba21687-60a7-4b3f-a5fc-68b51ea25729','e9524f1e-ea42-4a61-9cdc-84605e673607','143d0fd1-15eb-44a9-a098-588c6ea90196','4c4117ca-b9c9-4667-8bcf-57f69bfd2f7f',NULL),('ebecebda-039a-467f-be2c-afa9020006be','b1d8112b-48bb-4460-a043-59c182e65139','80dfa79c-b385-43f1-a2a4-6d8039b12b69','4c4117ca-b9c9-4667-8bcf-57f69bfd2f7f',NULL),('f4b0a66a-e026-4bc4-9a70-143ab210529c','046b189c-75b1-4f09-9d29-df91b8e2ca93','b3f9185d-81eb-4a82-ba6c-b385105d7e6d','4c4117ca-b9c9-4667-8bcf-57f69bfd2f7f',NULL),('f86a1712-0d78-4482-be1b-69820e57ab06','e9524f1e-ea42-4a61-9cdc-84605e673607','1e3a7065-d94a-4fc7-a608-1842f313c5ec','4c4117ca-b9c9-4667-8bcf-57f69bfd2f7f',NULL),('fa5c314e-c222-4609-b2b2-84124d546379','26345c60-b7be-4098-ab36-d5b075aad479','56f309e0-8f8f-436a-a17f-bc0062758db6','4c4117ca-b9c9-4667-8bcf-57f69bfd2f7f',NULL),('fd07729e-b962-4af6-a05e-55940700d1a7','a6e2da4c-8b05-49c8-8406-467f4a47906b','d7cb5f17-22cb-469b-b7ea-1ec019bd4a26','4c4117ca-b9c9-4667-8bcf-57f69bfd2f7f',NULL);
/*!40000 ALTER TABLE `associationconfelements` ENABLE KEYS */;
UNLOCK TABLES;

--
-- Table structure for table `associationrules`
--

DROP TABLE IF EXISTS `associationrules`;
/*!40101 SET @saved_cs_client     = @@character_set_client */;
/*!40101 SET character_set_client = utf8 */;
CREATE TABLE `associationrules` (
  `Id` varchar(40) NOT NULL,
  `idType` int(11) DEFAULT NULL,
  `Rule` varchar(255) DEFAULT NULL,
  `idAssocElement` varchar(40) DEFAULT NULL,
  `Operator` int(11) DEFAULT NULL,
  `Field` varchar(255) DEFAULT NULL,
  PRIMARY KEY (`Id`),
  KEY `idType` (`idType`),
  KEY `idAssocElement` (`idAssocElement`),
  KEY `idType_2` (`idType`),
  KEY `idAssocElement_2` (`idAssocElement`),
  KEY `idType_3` (`idType`),
  KEY `idAssocElement_3` (`idAssocElement`),
  CONSTRAINT `FK591C50C08B87DC31` FOREIGN KEY (`idType`) REFERENCES `associationtype` (`Id`),
  CONSTRAINT `FK591C50C0998A8DF3` FOREIGN KEY (`idAssocElement`) REFERENCES `associationconfelements` (`Id`),
  CONSTRAINT `FKA2B2E6CE34A4014D` FOREIGN KEY (`idType`) REFERENCES `associationtype` (`Id`),
  CONSTRAINT `FKA2B2E6CE9A54524D` FOREIGN KEY (`idAssocElement`) REFERENCES `associationconfelements` (`Id`),
  CONSTRAINT `FKCA0641EE34A4014D` FOREIGN KEY (`idType`) REFERENCES `associationtype` (`Id`),
  CONSTRAINT `FKCA0641EE9A54524D` FOREIGN KEY (`idAssocElement`) REFERENCES `associationconfelements` (`Id`)
) ENGINE=InnoDB DEFAULT CHARSET=utf8;
/*!40101 SET character_set_client = @saved_cs_client */;

--
-- Dumping data for table `associationrules`
--

LOCK TABLES `associationrules` WRITE;
/*!40000 ALTER TABLE `associationrules` DISABLE KEYS */;
INSERT INTO `associationrules` VALUES ('074da41c-6a18-4ae5-9bc0-7f7a4556a51a',3,'*character*','eba21687-60a7-4b3f-a5fc-68b51ea25729',12,'documentation'),('0a7a4d44-480f-4471-9a0b-b0e05968d2cf',3,'*character*','765c2918-df9f-4dc6-8174-be954c5dee52',4,'documentation'),('0e717ae8-b59b-414c-9ab3-421b30aaa506',4,'','dd905def-db9d-46f0-87b0-8561d06622ca',0,NULL),('11e7384c-808e-4fb3-9db5-5781ad3a5449',4,'','ad054701-fb8a-4c9c-850c-f2583f9df4a7',0,NULL),('3334e86e-512c-46b6-a437-b5bf73c34dd5',4,'','b238ccd6-18b1-4fec-b42f-4093171fe5fb',0,NULL),('41c802ca-8dff-46dc-b6ab-fbec00a55443',4,'','54f1e7c4-5a27-4bd8-bb64-89cbf38ef33e',0,NULL),('4526d728-1d1f-42b7-8a96-1d9b5c7f6cbd',4,'','00a4833b-15ee-4101-a7bc-c7b1a30cdce2',0,''),('4cbcecb9-4345-4355-a09b-16813205147d',3,'*player*','eba21687-60a7-4b3f-a5fc-68b51ea25729',12,'documentation'),('5febda34-5071-40fd-a01e-66b61a36cce2',4,'','4765c509-9eee-403c-a897-754377f8df9c',0,''),('672973ee-0b24-4e11-b8f3-f3f451725bcf',1,'','caeef544-8b9e-46b9-b9ad-6882afba4767',7,'processRef'),('69d21eb0-10c7-4979-9a3a-1c60919299ae',1,'','765c2918-df9f-4dc6-8174-be954c5dee52',2,'processRef'),('6c67bf7c-cce2-4b85-bc25-438c284e70db',1,'','1a568657-dacc-4399-8989-a01cb3087a69',2,'processRef'),('70e65e88-7331-442a-b304-75e6da532b5c',5,'','2b6cf385-5644-425e-b09b-801ffa84fa20',11,''),('74781198-0aa5-44c9-8786-851bca131056',4,'','fd07729e-b962-4af6-a05e-55940700d1a7',0,NULL),('8adbf29c-331c-4ba5-8853-2ba82dcc621b',4,'','ebecebda-039a-467f-be2c-afa9020006be',0,NULL),('8eb705d7-2306-4fe2-8a7f-15fd5de29499',3,'','6a1837b8-99d5-4795-90a1-2ac252955632',1,'errorEventDefinition'),('948ed682-327b-49b4-a554-9a623f4fd5f1',4,'','fa5c314e-c222-4609-b2b2-84124d546379',0,''),('a1941de4-af8a-4f5a-9c16-6c58c0de5007',4,'','71ec28fa-5959-4d4b-bbf6-552597da3342',0,NULL),('a32cf64a-db0f-4772-8322-459739fb0176',3,'*player*','f86a1712-0d78-4482-be1b-69820e57ab06',4,'documentation'),('af211e64-c396-4ce9-9940-eb1ecd216ec2',6,'','80c9886f-35d5-4304-9a4f-0b257faf2e1a',0,'bpmn:process'),('c5fb1898-43f2-4cec-ad98-b2fda1b76d94',4,'','b6b8e23b-719f-432e-8bfa-114684401398',0,''),('cdd50d90-4f16-4305-9d2a-b478a1f6398c',3,'','6a1837b8-99d5-4795-90a1-2ac252955632',7,'errorEventDefinition'),('d51a49d2-e48f-439e-b5b4-639be9e7db8c',1,'','caeef544-8b9e-46b9-b9ad-6882afba4767',1,'processRef'),('d6928c48-c248-42d5-9a80-e24c5f1c7f79',3,'*character*','1a568657-dacc-4399-8989-a01cb3087a69',12,'documentation'),('df09f9bb-e54f-4c81-a98b-0a76fa605d56',3,'*character*','b93ad02e-ebc4-4419-87d5-43a40e45c107',4,'documentation'),('fbe92867-0830-4ac5-925a-c3b2e8c519c4',4,'','f4b0a66a-e026-4bc4-9a70-143ab210529c',0,NULL),('fe4ea616-1c87-435d-945e-30ecbb3fba06',1,'xxx','4c19ba21-8e1d-4c8f-b5ce-d0de7c2e4e96',3,'xxxxxxxx');
/*!40000 ALTER TABLE `associationrules` ENABLE KEYS */;
UNLOCK TABLES;

--
-- Table structure for table `associationtype`
--

DROP TABLE IF EXISTS `associationtype`;
/*!40101 SET @saved_cs_client     = @@character_set_client */;
/*!40101 SET character_set_client = utf8 */;
CREATE TABLE `associationtype` (
  `Id` int(11) NOT NULL AUTO_INCREMENT,
  `Description` varchar(255) DEFAULT NULL,
  PRIMARY KEY (`Id`)
) ENGINE=InnoDB AUTO_INCREMENT=7 DEFAULT CHARSET=utf8;
/*!40101 SET character_set_client = @saved_cs_client */;

--
-- Dumping data for table `associationtype`
--

LOCK TABLES `associationtype` WRITE;
/*!40000 ALTER TABLE `associationtype` DISABLE KEYS */;
INSERT INTO `associationtype` VALUES (1,'Element Attribute'),(3,'Model Element'),(4,'Not Explicit Only in the Model'),(5,'Model Activitie'),(6,'Process GameFlow From Some Process Element');
/*!40000 ALTER TABLE `associationtype` ENABLE KEYS */;
UNLOCK TABLES;

--
-- Table structure for table `designer`
--

DROP TABLE IF EXISTS `designer`;
/*!40101 SET @saved_cs_client     = @@character_set_client */;
/*!40101 SET character_set_client = utf8 */;
CREATE TABLE `designer` (
  `Id` varchar(40) NOT NULL,
  `Name` varchar(255) DEFAULT NULL,
  `ShortBio` varchar(255) DEFAULT NULL,
  PRIMARY KEY (`Id`)
) ENGINE=InnoDB DEFAULT CHARSET=utf8;
/*!40101 SET character_set_client = @saved_cs_client */;

--
-- Dumping data for table `designer`
--

LOCK TABLES `designer` WRITE;
/*!40000 ALTER TABLE `designer` DISABLE KEYS */;
INSERT INTO `designer` VALUES ('155b7bb4-b4de-460a-b03d-e9dedf293703','Hamilton',NULL),('49f7d49e-994c-4b0c-b3db-b34bbb69b044','Victor Almeida',NULL),('9206a323-1f3f-4e91-ae12-d57b05c22f90','Diego Alvim',NULL),('93ec0d75-d9ea-4982-9864-9b81d215cb95','Tadeu Classe',NULL),('95e5c5ca-8525-4ea6-afed-1b851916a614','Karoline Quetz',NULL),('b1a484b8-8b4d-4e0d-ae12-6f2606e15ed8','Joao',NULL),('c2a00fa7-8831-4a2d-acd7-61e7b17c30b6','Daniel Lopes',NULL),('d16a3b87-dcdc-41eb-a350-7126701b8e6f','Romulo',NULL),('d389e7b3-4570-4a8c-9032-5f8409102ac7','Pedro Coquito',NULL),('df6e9c9b-e3f6-4f9e-94c8-2e8b9616a636','Hamilton',NULL);
/*!40000 ALTER TABLE `designer` ENABLE KEYS */;
UNLOCK TABLES;

--
-- Table structure for table `designers`
--

DROP TABLE IF EXISTS `designers`;
/*!40101 SET @saved_cs_client     = @@character_set_client */;
/*!40101 SET character_set_client = utf8 */;
CREATE TABLE `designers` (
  `idProject` varchar(40) NOT NULL,
  `idDesigner` varchar(40) NOT NULL,
  KEY `idDesigner` (`idDesigner`),
  KEY `idProject` (`idProject`),
  KEY `idDesigner_2` (`idDesigner`),
  KEY `idProject_2` (`idProject`),
  CONSTRAINT `FKBA3B980C27192DC4` FOREIGN KEY (`idProject`) REFERENCES `project` (`Id`),
  CONSTRAINT `FKBA3B980C66E920A6` FOREIGN KEY (`idDesigner`) REFERENCES `designer` (`Id`),
  CONSTRAINT `FKFA7685E3638896E9` FOREIGN KEY (`idDesigner`) REFERENCES `designer` (`Id`),
  CONSTRAINT `FKFA7685E36BCBAFA8` FOREIGN KEY (`idProject`) REFERENCES `project` (`Id`)
) ENGINE=InnoDB DEFAULT CHARSET=utf8;
/*!40101 SET character_set_client = @saved_cs_client */;

--
-- Dumping data for table `designers`
--

LOCK TABLES `designers` WRITE;
/*!40000 ALTER TABLE `designers` DISABLE KEYS */;
INSERT INTO `designers` VALUES ('a5e2688e-44de-4596-a5c6-d472f6ed052c','93ec0d75-d9ea-4982-9864-9b81d215cb95'),('26241819-0d37-45cb-9a1b-98df2f0fb2d6','93ec0d75-d9ea-4982-9864-9b81d215cb95'),('7bf049bf-e32c-4491-ba81-b65c6c6c4ece','93ec0d75-d9ea-4982-9864-9b81d215cb95'),('312f9cd9-c742-4a57-bbe1-fbe81aed142e','93ec0d75-d9ea-4982-9864-9b81d215cb95'),('312f9cd9-c742-4a57-bbe1-fbe81aed142e','d389e7b3-4570-4a8c-9032-5f8409102ac7'),('312f9cd9-c742-4a57-bbe1-fbe81aed142e','d16a3b87-dcdc-41eb-a350-7126701b8e6f'),('312f9cd9-c742-4a57-bbe1-fbe81aed142e','95e5c5ca-8525-4ea6-afed-1b851916a614'),('26ced308-f385-48d2-9c50-e30577933978','93ec0d75-d9ea-4982-9864-9b81d215cb95'),('26ced308-f385-48d2-9c50-e30577933978','df6e9c9b-e3f6-4f9e-94c8-2e8b9616a636'),('26ced308-f385-48d2-9c50-e30577933978','49f7d49e-994c-4b0c-b3db-b34bbb69b044'),('26ced308-f385-48d2-9c50-e30577933978','c2a00fa7-8831-4a2d-acd7-61e7b17c30b6'),('26ced308-f385-48d2-9c50-e30577933978','9206a323-1f3f-4e91-ae12-d57b05c22f90'),('d2548d24-47ad-46c2-925d-4bbe92eab991','93ec0d75-d9ea-4982-9864-9b81d215cb95');
/*!40000 ALTER TABLE `designers` ENABLE KEYS */;
UNLOCK TABLES;

--
-- Table structure for table `designmapping`
--

DROP TABLE IF EXISTS `designmapping`;
/*!40101 SET @saved_cs_client     = @@character_set_client */;
/*!40101 SET character_set_client = utf8 */;
CREATE TABLE `designmapping` (
  `Id` varchar(40) NOT NULL,
  `IdProject` varchar(40) DEFAULT NULL,
  `IdAssociationConf` varchar(40) DEFAULT NULL,
  `CreationDate` datetime DEFAULT NULL,
  `ModelScore` decimal(19,5) DEFAULT NULL,
  PRIMARY KEY (`Id`),
  KEY `IdProject` (`IdProject`),
  KEY `IdAssociationConf` (`IdAssociationConf`),
  KEY `IdProject_2` (`IdProject`),
  KEY `IdAssociationConf_2` (`IdAssociationConf`),
  KEY `IdProject_3` (`IdProject`),
  KEY `IdAssociationConf_3` (`IdAssociationConf`),
  CONSTRAINT `FK4273E3FE27192DC4` FOREIGN KEY (`IdProject`) REFERENCES `project` (`Id`),
  CONSTRAINT `FK4273E3FEF1C78DB4` FOREIGN KEY (`IdAssociationConf`) REFERENCES `associationconf` (`Id`),
  CONSTRAINT `FK8FC336966BCBAFA8` FOREIGN KEY (`IdProject`) REFERENCES `project` (`Id`),
  CONSTRAINT `FK8FC33696F825D39D` FOREIGN KEY (`IdAssociationConf`) REFERENCES `associationconf` (`Id`),
  CONSTRAINT `FK9F5A3F166BCBAFA8` FOREIGN KEY (`IdProject`) REFERENCES `project` (`Id`),
  CONSTRAINT `FK9F5A3F16F825D39D` FOREIGN KEY (`IdAssociationConf`) REFERENCES `associationconf` (`Id`)
) ENGINE=InnoDB DEFAULT CHARSET=utf8;
/*!40101 SET character_set_client = @saved_cs_client */;

--
-- Dumping data for table `designmapping`
--

LOCK TABLES `designmapping` WRITE;
/*!40000 ALTER TABLE `designmapping` DISABLE KEYS */;
INSERT INTO `designmapping` VALUES ('03841a8e-8bb4-49ce-8e3a-c667b94f18e7','7bf049bf-e32c-4491-ba81-b65c6c6c4ece','4c4117ca-b9c9-4667-8bcf-57f69bfd2f7f','2018-06-14 03:36:55',0.94898),('138410a1-af38-40e3-a9ad-70e737e8e807','26ced308-f385-48d2-9c50-e30577933978','4c4117ca-b9c9-4667-8bcf-57f69bfd2f7f','2018-06-26 13:04:47',1.05051),('3fdf0112-9c3f-4472-b6fc-810dd4141576','312f9cd9-c742-4a57-bbe1-fbe81aed142e','4c4117ca-b9c9-4667-8bcf-57f69bfd2f7f','2018-06-28 04:54:46',0.96154),('4dfccc40-ff04-4cd4-9ab6-a7f87dcaa16f','26241819-0d37-45cb-9a1b-98df2f0fb2d6','4c4117ca-b9c9-4667-8bcf-57f69bfd2f7f','2018-05-11 14:49:25',0.60000),('c6f363ab-bf96-4968-8400-a7a319789cc3','d2548d24-47ad-46c2-925d-4bbe92eab991','4c4117ca-b9c9-4667-8bcf-57f69bfd2f7f','2018-06-22 13:11:20',0.93023);
/*!40000 ALTER TABLE `designmapping` ENABLE KEYS */;
UNLOCK TABLES;

--
-- Table structure for table `designmappingerrors`
--

DROP TABLE IF EXISTS `designmappingerrors`;
/*!40101 SET @saved_cs_client     = @@character_set_client */;
/*!40101 SET character_set_client = utf8 */;
CREATE TABLE `designmappingerrors` (
  `Id` varchar(40) NOT NULL,
  `Error` longblob,
  `idDesignMapping` varchar(40) DEFAULT NULL,
  PRIMARY KEY (`Id`),
  KEY `idDesignMapping` (`idDesignMapping`),
  KEY `idDesignMapping_2` (`idDesignMapping`),
  KEY `idDesignMapping_3` (`idDesignMapping`),
  CONSTRAINT `FK29A701F9506DFC06` FOREIGN KEY (`idDesignMapping`) REFERENCES `designmapping` (`Id`),
  CONSTRAINT `FK65B9C8BD4B4376E9` FOREIGN KEY (`idDesignMapping`) REFERENCES `designmapping` (`Id`),
  CONSTRAINT `FKFFE37C7D4B4376E9` FOREIGN KEY (`idDesignMapping`) REFERENCES `designmapping` (`Id`)
) ENGINE=InnoDB DEFAULT CHARSET=utf8;
/*!40101 SET character_set_client = @saved_cs_client */;

--
-- Dumping data for table `designmappingerrors`
--

LOCK TABLES `designmappingerrors` WRITE;
/*!40000 ALTER TABLE `designmappingerrors` DISABLE KEYS */;
/*!40000 ALTER TABLE `designmappingerrors` ENABLE KEYS */;
UNLOCK TABLES;

--
-- Table structure for table `designmappingscores`
--

DROP TABLE IF EXISTS `designmappingscores`;
/*!40101 SET @saved_cs_client     = @@character_set_client */;
/*!40101 SET character_set_client = utf8 */;
CREATE TABLE `designmappingscores` (
  `Id` varchar(40) NOT NULL,
  `GameGenreElement` varchar(255) DEFAULT NULL,
  `ModelElement` varchar(255) DEFAULT NULL,
  `ExpectedElements` decimal(19,5) DEFAULT NULL,
  `MappedElements` decimal(19,5) DEFAULT NULL,
  `idDesignMapping` varchar(40) DEFAULT NULL,
  `GameGenreElementId` varchar(40) DEFAULT NULL,
  `ModelElementId` varchar(40) DEFAULT NULL,
  PRIMARY KEY (`Id`),
  KEY `idDesignMapping` (`idDesignMapping`),
  KEY `idDesignMapping_2` (`idDesignMapping`),
  KEY `idDesignMapping_3` (`idDesignMapping`),
  CONSTRAINT `FK2899BD0B4B4376E9` FOREIGN KEY (`idDesignMapping`) REFERENCES `designmapping` (`Id`),
  CONSTRAINT `FKB5AB70CB4B4376E9` FOREIGN KEY (`idDesignMapping`) REFERENCES `designmapping` (`Id`),
  CONSTRAINT `FKDE5D3D29506DFC06` FOREIGN KEY (`idDesignMapping`) REFERENCES `designmapping` (`Id`)
) ENGINE=InnoDB DEFAULT CHARSET=utf8;
/*!40101 SET character_set_client = @saved_cs_client */;

--
-- Dumping data for table `designmappingscores`
--

LOCK TABLES `designmappingscores` WRITE;
/*!40000 ALTER TABLE `designmappingscores` DISABLE KEYS */;
INSERT INTO `designmappingscores` VALUES ('00a9b782-d211-42d4-95b4-bdb374c0b458','Gameflow ','Pool or Participant',2.00000,2.00000,'c6f363ab-bf96-4968-8400-a7a319789cc3','bd655881-0d4b-460b-9fbd-ea577d3aa417','8fb31f6b-3955-447e-a6a6-657d26f0e78e'),('089dab89-a714-417b-9012-0e09a8357f7a','Player or Gamer','Lane',4.00000,0.00000,'3fdf0112-9c3f-4472-b6fc-810dd4141576','1e3a7065-d94a-4fc7-a608-1842f313c5ec','e9524f1e-ea42-4a61-9cdc-84605e673607'),('0be1ce10-e6a5-435d-a8b3-891959e43a44','Interactions','Sequence Flow',25.00000,28.00000,'3fdf0112-9c3f-4472-b6fc-810dd4141576','07ecefe5-eacc-40e7-b973-d91639a6e939','8a41aa9e-c368-4101-988c-e06b7dc669b3'),('0e5ef6e7-32ee-4ef2-9907-ac781c3f25d7','Problems','Start Event',0.00000,0.00000,'03841a8e-8bb4-49ce-8e3a-c667b94f18e7','2047a756-2f40-4c4c-8a0c-722509cae42f','66d7087e-764e-4e80-829b-c1522f96ae3c'),('0fdf4a6d-d4ca-4a77-8589-3c296c3a9efa','Feedback','Task',0.00000,0.00000,'3fdf0112-9c3f-4472-b6fc-810dd4141576','56f309e0-8f8f-436a-a17f-bc0062758db6','26345c60-b7be-4098-ab36-d5b075aad479'),('124d5d97-ea6d-48d4-9a7f-a3117796c636','Title','Pool or Participant',1.00000,1.00000,'03841a8e-8bb4-49ce-8e3a-c667b94f18e7','fd7e51ff-da9f-4eb5-bbba-24186283199b','8fb31f6b-3955-447e-a6a6-657d26f0e78e'),('12ddd743-86e1-4b74-aa3e-a6291b211adf','Rules','Exclusive Gateway',2.00000,4.00000,'03841a8e-8bb4-49ce-8e3a-c667b94f18e7','b3f9185d-81eb-4a82-ba6c-b385105d7e6d','65e75f2d-86ec-47ad-862f-80e6f568d60f'),('139d1171-9828-449e-8dcc-dd56dbf5e349','Items and Objects','Data Object (Resource)',7.00000,7.00000,'03841a8e-8bb4-49ce-8e3a-c667b94f18e7','aafd3f32-8209-4ea6-90db-41cc2294e50f','10a1ab6b-3184-4d24-b55a-bcde30861ead'),('14537270-b62c-45cf-a39b-308da7a232aa','Localization','Pool or Participant (Black Box)',2.00000,1.00000,'138410a1-af38-40e3-a9ad-70e737e8e807','143d0fd1-15eb-44a9-a098-588c6ea90196','af3af5ed-67f6-4ed9-b86b-e1c7861f091b'),('190ca78b-6f11-4942-bb9d-cb2c7c2e5fc5','Happenings','Intermediate Event (Throw)',2.00000,2.00000,'138410a1-af38-40e3-a9ad-70e737e8e807','a2b2192a-69b5-44ee-9ca0-0606aed1acce','31eadc22-0fd8-45ba-b15a-fa822aaeda38'),('1b4f9e75-e3c0-4888-90c2-cc223436d36b','Player or Gamer','Lane',1.00000,0.00000,'138410a1-af38-40e3-a9ad-70e737e8e807','1e3a7065-d94a-4fc7-a608-1842f313c5ec','e9524f1e-ea42-4a61-9cdc-84605e673607'),('1d8c9438-44d9-47fe-a9fb-2796a0c640ce','Tasks','Task',18.00000,18.00000,'03841a8e-8bb4-49ce-8e3a-c667b94f18e7','0398bdf4-bc79-42d6-8109-017b826b4b39','26345c60-b7be-4098-ab36-d5b075aad479'),('20ee354e-35f8-4174-8db4-a5d99837525e','Tasks','Task',18.00000,18.00000,'138410a1-af38-40e3-a9ad-70e737e8e807','0398bdf4-bc79-42d6-8109-017b826b4b39','26345c60-b7be-4098-ab36-d5b075aad479'),('210bb433-c6f2-4007-a7cb-67376b6ead4a','Solutions','End Event',2.00000,2.00000,'c6f363ab-bf96-4968-8400-a7a319789cc3','b10def87-95b3-4846-9c05-8efafe36b225','dcac9d99-0ad7-4a64-b1c2-97782c4ea189'),('217de857-f948-4780-98b8-4d467e8e65d4','Solutions','End Event',3.00000,3.00000,'03841a8e-8bb4-49ce-8e3a-c667b94f18e7','b10def87-95b3-4846-9c05-8efafe36b225','dcac9d99-0ad7-4a64-b1c2-97782c4ea189'),('22ac8a7e-150f-4627-b11f-190e172b7069','Interactions','Sequence Flow',20.00000,21.00000,'03841a8e-8bb4-49ce-8e3a-c667b94f18e7','07ecefe5-eacc-40e7-b973-d91639a6e939','8a41aa9e-c368-4101-988c-e06b7dc669b3'),('247167e2-b2b5-468f-94fe-401aa0f6570d','Feedback','Task',0.00000,0.00000,'03841a8e-8bb4-49ce-8e3a-c667b94f18e7','56f309e0-8f8f-436a-a17f-bc0062758db6','26345c60-b7be-4098-ab36-d5b075aad479'),('2517998b-fc6f-47c4-a1df-ce7a3e8169b3','Rules','Parallel Gateway',2.00000,1.00000,'03841a8e-8bb4-49ce-8e3a-c667b94f18e7','b3f9185d-81eb-4a82-ba6c-b385105d7e6d','9ebe6f66-8f94-42b5-ab97-8b8b71201395'),('2c9710d7-c484-42de-9fd7-57c15d5925b7','Player or Gamer','Lane',1.00000,0.00000,'c6f363ab-bf96-4968-8400-a7a319789cc3','1e3a7065-d94a-4fc7-a608-1842f313c5ec','e9524f1e-ea42-4a61-9cdc-84605e673607'),('2f71c7d4-6eae-4129-aea6-f8b7e004515a','Rules','Exclusive Gateway',1.00000,0.00000,'4dfccc40-ff04-4cd4-9ab6-a7f87dcaa16f','b3f9185d-81eb-4a82-ba6c-b385105d7e6d','65e75f2d-86ec-47ad-862f-80e6f568d60f'),('3239b813-0930-40c5-a6d5-15fc809a4386','Fails','End Event',2.00000,1.00000,'c6f363ab-bf96-4968-8400-a7a319789cc3','ddeabd7a-2e66-4cf0-94b1-b10697094e9b','dcac9d99-0ad7-4a64-b1c2-97782c4ea189'),('3376ffeb-52fe-43ec-a57b-d874e2a7de87','Feedback','Task',0.00000,0.00000,'138410a1-af38-40e3-a9ad-70e737e8e807','56f309e0-8f8f-436a-a17f-bc0062758db6','26345c60-b7be-4098-ab36-d5b075aad479'),('3609f6c1-56ec-44c9-9e98-ba9e816cdb86','Rules','Task',0.00000,0.00000,'03841a8e-8bb4-49ce-8e3a-c667b94f18e7','b3f9185d-81eb-4a82-ba6c-b385105d7e6d','26345c60-b7be-4098-ab36-d5b075aad479'),('37d4867e-c347-4e85-8dda-580bee1ce7b9','Happenings','Intermediate Event (Throw)',1.00000,1.00000,'4dfccc40-ff04-4cd4-9ab6-a7f87dcaa16f','a2b2192a-69b5-44ee-9ca0-0606aed1acce','31eadc22-0fd8-45ba-b15a-fa822aaeda38'),('3977fdaa-6e8a-4c71-8238-573e9e88d4c9','Gameflow ','Pool or Participant',4.00000,4.00000,'138410a1-af38-40e3-a9ad-70e737e8e807','bd655881-0d4b-460b-9fbd-ea577d3aa417','8fb31f6b-3955-447e-a6a6-657d26f0e78e'),('39cf9b96-e53c-4308-9d40-2625581f9e2e','Interactions','Data Association Flow (Input)',5.00000,5.00000,'c6f363ab-bf96-4968-8400-a7a319789cc3','07ecefe5-eacc-40e7-b973-d91639a6e939','b6f2efde-7e32-4614-b565-76d65cd9b781'),('3aa0d0a4-5127-4340-a80e-3cac4ac967fa','Problems','Start Event',0.00000,0.00000,'4dfccc40-ff04-4cd4-9ab6-a7f87dcaa16f','2047a756-2f40-4c4c-8a0c-722509cae42f','66d7087e-764e-4e80-829b-c1522f96ae3c'),('3b9cd50c-ec0c-44c5-8a27-04fa2a4b97b0','Rules','Exclusive Gateway',5.00000,15.00000,'138410a1-af38-40e3-a9ad-70e737e8e807','b3f9185d-81eb-4a82-ba6c-b385105d7e6d','65e75f2d-86ec-47ad-862f-80e6f568d60f'),('3f145e1f-e8b0-4dad-a56b-9161c6a77701','Rules','Task',0.00000,0.00000,'4dfccc40-ff04-4cd4-9ab6-a7f87dcaa16f','b3f9185d-81eb-4a82-ba6c-b385105d7e6d','26345c60-b7be-4098-ab36-d5b075aad479'),('42093de8-2111-4b15-9495-dd1e11cbfa92','Localization','Lane',1.00000,1.00000,'c6f363ab-bf96-4968-8400-a7a319789cc3','143d0fd1-15eb-44a9-a098-588c6ea90196','e9524f1e-ea42-4a61-9cdc-84605e673607'),('452361ef-8cea-40bd-bf4f-d932308e93f0','Problems','Start Event',0.00000,0.00000,'c6f363ab-bf96-4968-8400-a7a319789cc3','2047a756-2f40-4c4c-8a0c-722509cae42f','66d7087e-764e-4e80-829b-c1522f96ae3c'),('483a41d0-304a-4ee4-a5da-f863477d2b94','Gameflow ','Pool or Participant',3.00000,3.00000,'03841a8e-8bb4-49ce-8e3a-c667b94f18e7','bd655881-0d4b-460b-9fbd-ea577d3aa417','8fb31f6b-3955-447e-a6a6-657d26f0e78e'),('4a3a7318-d640-4f17-b5a7-61ef3c130928','Items and Objects','Data Object (Resource)',5.00000,5.00000,'138410a1-af38-40e3-a9ad-70e737e8e807','aafd3f32-8209-4ea6-90db-41cc2294e50f','10a1ab6b-3184-4d24-b55a-bcde30861ead'),('4c1dbe5e-b517-43b0-a96d-21a1d831eb90','Happenings','Start Event',1.00000,1.00000,'3fdf0112-9c3f-4472-b6fc-810dd4141576','a2b2192a-69b5-44ee-9ca0-0606aed1acce','66d7087e-764e-4e80-829b-c1522f96ae3c'),('4c223b59-be8e-4263-ae19-fa658a977063','Happenings','Start Event',1.00000,1.00000,'4dfccc40-ff04-4cd4-9ab6-a7f87dcaa16f','a2b2192a-69b5-44ee-9ca0-0606aed1acce','66d7087e-764e-4e80-829b-c1522f96ae3c'),('4e7cf17c-76d8-4b58-b3e8-d6137951e0d9','Interactions','Data Association Flow (Input)',9.00000,9.00000,'138410a1-af38-40e3-a9ad-70e737e8e807','07ecefe5-eacc-40e7-b973-d91639a6e939','b6f2efde-7e32-4614-b565-76d65cd9b781'),('50e78c71-76c1-4d5b-9d26-9af72d2a7573','Rules','Boundary Event',2.00000,5.00000,'138410a1-af38-40e3-a9ad-70e737e8e807','b3f9185d-81eb-4a82-ba6c-b385105d7e6d','992c92d5-1e08-4a00-ab4d-59856c83647a'),('53087cd3-37c3-4ff5-8e88-1995430cc559','Problems','Start Event',0.00000,0.00000,'3fdf0112-9c3f-4472-b6fc-810dd4141576','2047a756-2f40-4c4c-8a0c-722509cae42f','66d7087e-764e-4e80-829b-c1522f96ae3c'),('56d9b88c-4b9a-47fb-a73f-b25397793fb9','Tasks','Task',2.00000,2.00000,'4dfccc40-ff04-4cd4-9ab6-a7f87dcaa16f','0398bdf4-bc79-42d6-8109-017b826b4b39','26345c60-b7be-4098-ab36-d5b075aad479'),('58b13b9f-0f9c-4b1a-a9c8-03967fe53b88','Gameflow ','Pool or Participant',3.00000,3.00000,'3fdf0112-9c3f-4472-b6fc-810dd4141576','bd655881-0d4b-460b-9fbd-ea577d3aa417','8fb31f6b-3955-447e-a6a6-657d26f0e78e'),('5c9ee3f4-3059-4094-9921-fb058a3f509f','Tasks','Task',7.00000,7.00000,'c6f363ab-bf96-4968-8400-a7a319789cc3','0398bdf4-bc79-42d6-8109-017b826b4b39','26345c60-b7be-4098-ab36-d5b075aad479'),('617c7f32-e69d-4e3e-a30c-d021e24f628e','Title','Pool or Participant',1.00000,0.00000,'4dfccc40-ff04-4cd4-9ab6-a7f87dcaa16f','fd7e51ff-da9f-4eb5-bbba-24186283199b','8fb31f6b-3955-447e-a6a6-657d26f0e78e'),('6679b1a6-bb0e-40c2-87a8-206cbfd3767a','Items and Objects','Data Object (Resource)',2.00000,2.00000,'c6f363ab-bf96-4968-8400-a7a319789cc3','aafd3f32-8209-4ea6-90db-41cc2294e50f','10a1ab6b-3184-4d24-b55a-bcde30861ead'),('6692ee23-74a2-49b6-a00e-c09fe8c6901b','Rules','Boundary Event',1.00000,2.00000,'03841a8e-8bb4-49ce-8e3a-c667b94f18e7','b3f9185d-81eb-4a82-ba6c-b385105d7e6d','992c92d5-1e08-4a00-ab4d-59856c83647a'),('670a488b-4b01-47ee-81c9-4874991d19bc','Interactions','Data Association Flow (Output)',6.00000,6.00000,'c6f363ab-bf96-4968-8400-a7a319789cc3','07ecefe5-eacc-40e7-b973-d91639a6e939','dc029987-fd24-489c-923a-31680c1569ec'),('682e52ed-1bb6-4a46-99a4-42ab3d5741a0','Fails','End Event',4.00000,3.00000,'138410a1-af38-40e3-a9ad-70e737e8e807','ddeabd7a-2e66-4cf0-94b1-b10697094e9b','dcac9d99-0ad7-4a64-b1c2-97782c4ea189'),('69256612-d24e-4cfe-b6c1-8faa6662b732','Interactions','Message Flow',4.00000,4.00000,'138410a1-af38-40e3-a9ad-70e737e8e807','07ecefe5-eacc-40e7-b973-d91639a6e939','e733e91c-99a0-4eee-ab84-65f79b56b5e7'),('69a9581d-0e6f-4263-8bee-c706eed5154c','Items and Objects','Data Store (Resource)',3.00000,3.00000,'138410a1-af38-40e3-a9ad-70e737e8e807','aafd3f32-8209-4ea6-90db-41cc2294e50f','45a8a364-d28d-4eab-8b65-4bf28f5bcf68'),('6c41f7ca-8d40-454f-87bf-e57e8130e0eb','Tasks','Task',24.00000,24.00000,'3fdf0112-9c3f-4472-b6fc-810dd4141576','0398bdf4-bc79-42d6-8109-017b826b4b39','26345c60-b7be-4098-ab36-d5b075aad479'),('6f4cfbec-7816-44ce-bac5-9825a4ab6156','Happenings','Intermediate Event (Throw)',1.00000,1.00000,'03841a8e-8bb4-49ce-8e3a-c667b94f18e7','a2b2192a-69b5-44ee-9ca0-0606aed1acce','31eadc22-0fd8-45ba-b15a-fa822aaeda38'),('70bafaa1-272a-443c-9b0d-d61062f004d0','Title','Pool or Participant',1.00000,1.00000,'3fdf0112-9c3f-4472-b6fc-810dd4141576','fd7e51ff-da9f-4eb5-bbba-24186283199b','8fb31f6b-3955-447e-a6a6-657d26f0e78e'),('728f431f-5c1f-4261-962b-9a877a372016','Feedback','Task',0.00000,0.00000,'4dfccc40-ff04-4cd4-9ab6-a7f87dcaa16f','56f309e0-8f8f-436a-a17f-bc0062758db6','26345c60-b7be-4098-ab36-d5b075aad479'),('72e5334e-6b79-4a3f-b328-06d1c5a974b0','Localization','Pool or Participant (Black Box)',1.00000,0.00000,'c6f363ab-bf96-4968-8400-a7a319789cc3','143d0fd1-15eb-44a9-a098-588c6ea90196','af3af5ed-67f6-4ed9-b86b-e1c7861f091b'),('731d4cf9-a6cb-4e15-8504-d1d9443e855c','Rules','Parallel Gateway',2.00000,1.00000,'138410a1-af38-40e3-a9ad-70e737e8e807','b3f9185d-81eb-4a82-ba6c-b385105d7e6d','9ebe6f66-8f94-42b5-ab97-8b8b71201395'),('73225ccd-592a-4707-b960-9c81b09c27c3','Happenings','Start Event',1.00000,1.00000,'03841a8e-8bb4-49ce-8e3a-c667b94f18e7','a2b2192a-69b5-44ee-9ca0-0606aed1acce','66d7087e-764e-4e80-829b-c1522f96ae3c'),('74cb1314-08f2-405f-a18d-a0ba9561ba21','Characters','Pool or Participant (Black Box)',1.00000,0.00000,'3fdf0112-9c3f-4472-b6fc-810dd4141576','9d297fff-deaa-4497-a8cc-ad056a383e6d','af3af5ed-67f6-4ed9-b86b-e1c7861f091b'),('7532dbf5-5a72-4103-ad8b-f08dddae35c0','Characters','Lane',2.00000,0.00000,'03841a8e-8bb4-49ce-8e3a-c667b94f18e7','9d297fff-deaa-4497-a8cc-ad056a383e6d','e9524f1e-ea42-4a61-9cdc-84605e673607'),('79166cee-b7fd-41a5-93be-93c47b53d397','Characters','Lane',1.00000,0.00000,'138410a1-af38-40e3-a9ad-70e737e8e807','9d297fff-deaa-4497-a8cc-ad056a383e6d','e9524f1e-ea42-4a61-9cdc-84605e673607'),('7b80cb3d-a6ca-44b9-b703-123431e51990','Localization','Lane',4.00000,4.00000,'3fdf0112-9c3f-4472-b6fc-810dd4141576','143d0fd1-15eb-44a9-a098-588c6ea90196','e9524f1e-ea42-4a61-9cdc-84605e673607'),('7f5911dc-781b-486a-8029-1343977f0af5','Localization','Lane',2.00000,2.00000,'03841a8e-8bb4-49ce-8e3a-c667b94f18e7','143d0fd1-15eb-44a9-a098-588c6ea90196','e9524f1e-ea42-4a61-9cdc-84605e673607'),('7f787816-be8c-4209-b008-55bf63c828b0','Characters','Pool or Participant (Black Box)',1.00000,0.00000,'c6f363ab-bf96-4968-8400-a7a319789cc3','9d297fff-deaa-4497-a8cc-ad056a383e6d','af3af5ed-67f6-4ed9-b86b-e1c7861f091b'),('819f0ffa-3f23-401a-b3aa-09673ff84106','Interactions','Data Association Flow (Input)',8.00000,8.00000,'03841a8e-8bb4-49ce-8e3a-c667b94f18e7','07ecefe5-eacc-40e7-b973-d91639a6e939','b6f2efde-7e32-4614-b565-76d65cd9b781'),('83d8f1f5-da19-4b36-9f97-32b68b7564e8','Items and Objects','Data Store (Resource)',4.00000,4.00000,'03841a8e-8bb4-49ce-8e3a-c667b94f18e7','aafd3f32-8209-4ea6-90db-41cc2294e50f','45a8a364-d28d-4eab-8b65-4bf28f5bcf68'),('8a711918-6443-4033-ace4-47b960576d54','Rules','Exclusive Gateway',6.00000,12.00000,'3fdf0112-9c3f-4472-b6fc-810dd4141576','b3f9185d-81eb-4a82-ba6c-b385105d7e6d','65e75f2d-86ec-47ad-862f-80e6f568d60f'),('8c5c5330-cfc4-448a-b6c2-d2d33bc7a80b','Characters','Pool or Participant (Black Box)',2.00000,0.00000,'138410a1-af38-40e3-a9ad-70e737e8e807','9d297fff-deaa-4497-a8cc-ad056a383e6d','af3af5ed-67f6-4ed9-b86b-e1c7861f091b'),('8e55df72-aa81-4a9c-ac20-c37186c52c8d','Items and Objects','Data Object (Resource)',7.00000,7.00000,'3fdf0112-9c3f-4472-b6fc-810dd4141576','aafd3f32-8209-4ea6-90db-41cc2294e50f','10a1ab6b-3184-4d24-b55a-bcde30861ead'),('8f6b4caf-55f3-4e53-abea-ca564be110ab','Rules','Intermediate Event (Catch)',3.00000,3.00000,'3fdf0112-9c3f-4472-b6fc-810dd4141576','b3f9185d-81eb-4a82-ba6c-b385105d7e6d','aca11f49-5c32-47cc-93b2-8c815fbd5808'),('91d4bde2-7dd5-4dbb-a533-023caad71668','Title','Pool or Participant',1.00000,1.00000,'c6f363ab-bf96-4968-8400-a7a319789cc3','fd7e51ff-da9f-4eb5-bbba-24186283199b','8fb31f6b-3955-447e-a6a6-657d26f0e78e'),('947d5927-0857-4850-be5a-23345d6791b0','Feedback','Task',0.00000,0.00000,'c6f363ab-bf96-4968-8400-a7a319789cc3','56f309e0-8f8f-436a-a17f-bc0062758db6','26345c60-b7be-4098-ab36-d5b075aad479'),('94f0d8c0-a744-415c-a58e-34b0900d858f','Happenings','Start Event',1.00000,1.00000,'138410a1-af38-40e3-a9ad-70e737e8e807','a2b2192a-69b5-44ee-9ca0-0606aed1acce','66d7087e-764e-4e80-829b-c1522f96ae3c'),('9db85db0-582b-4d85-a09f-58009f61699e','Rules','Intermediate Event (Catch)',2.00000,2.00000,'138410a1-af38-40e3-a9ad-70e737e8e807','b3f9185d-81eb-4a82-ba6c-b385105d7e6d','aca11f49-5c32-47cc-93b2-8c815fbd5808'),('a62ed210-4846-46e6-8e33-9dd8f92ec681','Localization','Lane',1.00000,1.00000,'138410a1-af38-40e3-a9ad-70e737e8e807','143d0fd1-15eb-44a9-a098-588c6ea90196','e9524f1e-ea42-4a61-9cdc-84605e673607'),('a6c170aa-97b5-46ad-bbe2-bf54e3fb71cf','Interactions','Message Flow',2.00000,2.00000,'03841a8e-8bb4-49ce-8e3a-c667b94f18e7','07ecefe5-eacc-40e7-b973-d91639a6e939','e733e91c-99a0-4eee-ab84-65f79b56b5e7'),('a976e6d8-11db-4327-bca4-f97525aff7d4','Interactions','Data Association Flow (Input)',9.00000,9.00000,'3fdf0112-9c3f-4472-b6fc-810dd4141576','07ecefe5-eacc-40e7-b973-d91639a6e939','b6f2efde-7e32-4614-b565-76d65cd9b781'),('b06c3522-f66d-4e59-80ee-ccca4287f7fd','Solutions','End Event',3.00000,3.00000,'3fdf0112-9c3f-4472-b6fc-810dd4141576','b10def87-95b3-4846-9c05-8efafe36b225','dcac9d99-0ad7-4a64-b1c2-97782c4ea189'),('b7d1cd8d-e10b-461e-9eeb-e9a52f9c4891','Interactions','Sequence Flow',8.00000,9.00000,'c6f363ab-bf96-4968-8400-a7a319789cc3','07ecefe5-eacc-40e7-b973-d91639a6e939','8a41aa9e-c368-4101-988c-e06b7dc669b3'),('b9f52777-c136-424f-b899-f30f5ff9be3b','Gameflow ','Pool or Participant',1.00000,0.00000,'4dfccc40-ff04-4cd4-9ab6-a7f87dcaa16f','bd655881-0d4b-460b-9fbd-ea577d3aa417','8fb31f6b-3955-447e-a6a6-657d26f0e78e'),('bc0d3a26-9e46-4803-a60d-4be73cae3b82','Interactions','Data Association Flow (Output)',4.00000,4.00000,'3fdf0112-9c3f-4472-b6fc-810dd4141576','07ecefe5-eacc-40e7-b973-d91639a6e939','dc029987-fd24-489c-923a-31680c1569ec'),('be9ef561-17ca-48a2-a18d-5f7a300b9b09','Interactions','Data Association Flow (Output)',7.00000,7.00000,'03841a8e-8bb4-49ce-8e3a-c667b94f18e7','07ecefe5-eacc-40e7-b973-d91639a6e939','dc029987-fd24-489c-923a-31680c1569ec'),('c0baea5c-ddfc-4acd-9ea0-e0c008cbc365','Items and Objects','Data Store (Resource)',1.00000,1.00000,'3fdf0112-9c3f-4472-b6fc-810dd4141576','aafd3f32-8209-4ea6-90db-41cc2294e50f','45a8a364-d28d-4eab-8b65-4bf28f5bcf68'),('c36c0f26-d326-43c0-8228-40f4e0e08b76','Rules','Task',0.00000,0.00000,'3fdf0112-9c3f-4472-b6fc-810dd4141576','b3f9185d-81eb-4a82-ba6c-b385105d7e6d','26345c60-b7be-4098-ab36-d5b075aad479'),('c40d8ac3-d36c-4ef6-9c14-fb9f482d23b9','Items and Objects','Data Store (Resource)',1.00000,1.00000,'c6f363ab-bf96-4968-8400-a7a319789cc3','aafd3f32-8209-4ea6-90db-41cc2294e50f','45a8a364-d28d-4eab-8b65-4bf28f5bcf68'),('c4dc4e7a-e5cd-49e2-b15e-355a9390d9c4','Rules','Intermediate Event (Catch)',5.00000,5.00000,'03841a8e-8bb4-49ce-8e3a-c667b94f18e7','b3f9185d-81eb-4a82-ba6c-b385105d7e6d','aca11f49-5c32-47cc-93b2-8c815fbd5808'),('c645801d-5c26-4aff-b53c-833fd97994d3','Interactions','Sequence Flow',3.00000,2.00000,'4dfccc40-ff04-4cd4-9ab6-a7f87dcaa16f','07ecefe5-eacc-40e7-b973-d91639a6e939','8a41aa9e-c368-4101-988c-e06b7dc669b3'),('cea7c252-3d89-4018-a701-850b8021b605','Happenings','Start Event',1.00000,1.00000,'c6f363ab-bf96-4968-8400-a7a319789cc3','a2b2192a-69b5-44ee-9ca0-0606aed1acce','66d7087e-764e-4e80-829b-c1522f96ae3c'),('d11b0682-a6ac-46d0-88c9-7f46f0813db5','Problems','Start Event',0.00000,0.00000,'138410a1-af38-40e3-a9ad-70e737e8e807','2047a756-2f40-4c4c-8a0c-722509cae42f','66d7087e-764e-4e80-829b-c1522f96ae3c'),('d1a6911f-0528-431e-9d26-86f4678f77d9','Solutions','End Event',4.00000,4.00000,'138410a1-af38-40e3-a9ad-70e737e8e807','b10def87-95b3-4846-9c05-8efafe36b225','dcac9d99-0ad7-4a64-b1c2-97782c4ea189'),('d6f68d3f-a0a7-4e8a-84a3-1d8568331001','Interactions','Data Association Flow (Output)',5.00000,5.00000,'138410a1-af38-40e3-a9ad-70e737e8e807','07ecefe5-eacc-40e7-b973-d91639a6e939','dc029987-fd24-489c-923a-31680c1569ec'),('dcad18ff-de2a-46d5-89b7-74da1dc4fdff','Title','Pool or Participant',1.00000,1.00000,'138410a1-af38-40e3-a9ad-70e737e8e807','fd7e51ff-da9f-4eb5-bbba-24186283199b','8fb31f6b-3955-447e-a6a6-657d26f0e78e'),('e1e21271-4e77-40db-b759-50828ccfe604','Fails','End Event',3.00000,0.00000,'3fdf0112-9c3f-4472-b6fc-810dd4141576','ddeabd7a-2e66-4cf0-94b1-b10697094e9b','dcac9d99-0ad7-4a64-b1c2-97782c4ea189'),('e56f40cd-1d04-4aea-8bea-d822a679f113','Rules','Exclusive Gateway',1.00000,2.00000,'c6f363ab-bf96-4968-8400-a7a319789cc3','b3f9185d-81eb-4a82-ba6c-b385105d7e6d','65e75f2d-86ec-47ad-862f-80e6f568d60f'),('e7015d0c-f684-42c0-aa13-e1db69d77fd4','Characters','Pool or Participant (Black Box)',2.00000,0.00000,'03841a8e-8bb4-49ce-8e3a-c667b94f18e7','9d297fff-deaa-4497-a8cc-ad056a383e6d','af3af5ed-67f6-4ed9-b86b-e1c7861f091b'),('eae043e9-9cfb-4c24-82f5-f9e9160bbbd1','Characters','Lane',1.00000,0.00000,'c6f363ab-bf96-4968-8400-a7a319789cc3','9d297fff-deaa-4497-a8cc-ad056a383e6d','e9524f1e-ea42-4a61-9cdc-84605e673607'),('eaf1b23f-e610-4c23-ae87-b68889dfaa44','Interactions','Sequence Flow',21.00000,20.00000,'138410a1-af38-40e3-a9ad-70e737e8e807','07ecefe5-eacc-40e7-b973-d91639a6e939','8a41aa9e-c368-4101-988c-e06b7dc669b3'),('eb1c076f-844b-4fcd-8c5d-4703eec57001','Fails','End Event',3.00000,2.00000,'03841a8e-8bb4-49ce-8e3a-c667b94f18e7','ddeabd7a-2e66-4cf0-94b1-b10697094e9b','dcac9d99-0ad7-4a64-b1c2-97782c4ea189'),('ee798b7c-b0f4-49c6-811b-d41dd6e6ab60','Characters','Lane',4.00000,0.00000,'3fdf0112-9c3f-4472-b6fc-810dd4141576','9d297fff-deaa-4497-a8cc-ad056a383e6d','e9524f1e-ea42-4a61-9cdc-84605e673607'),('f2742c53-5697-450e-8f5c-571d326518d6','Player or Gamer','Lane',2.00000,0.00000,'03841a8e-8bb4-49ce-8e3a-c667b94f18e7','1e3a7065-d94a-4fc7-a608-1842f313c5ec','e9524f1e-ea42-4a61-9cdc-84605e673607'),('f509c150-7bf3-4a61-a954-af16ed3da1c4','Rules','Task',0.00000,0.00000,'138410a1-af38-40e3-a9ad-70e737e8e807','b3f9185d-81eb-4a82-ba6c-b385105d7e6d','26345c60-b7be-4098-ab36-d5b075aad479'),('f7dfed4e-9bca-4ece-9f43-e0bb6aefd593','Localization','Pool or Participant (Black Box)',1.00000,0.00000,'3fdf0112-9c3f-4472-b6fc-810dd4141576','143d0fd1-15eb-44a9-a098-588c6ea90196','af3af5ed-67f6-4ed9-b86b-e1c7861f091b'),('fd859d9c-b840-4e22-9409-89af0e5e6c9b','Rules','Task',0.00000,0.00000,'c6f363ab-bf96-4968-8400-a7a319789cc3','b3f9185d-81eb-4a82-ba6c-b385105d7e6d','26345c60-b7be-4098-ab36-d5b075aad479'),('fde13ab1-2822-4a17-ab18-458bfd11b67f','Localization','Pool or Participant (Black Box)',2.00000,1.00000,'03841a8e-8bb4-49ce-8e3a-c667b94f18e7','143d0fd1-15eb-44a9-a098-588c6ea90196','af3af5ed-67f6-4ed9-b86b-e1c7861f091b');
/*!40000 ALTER TABLE `designmappingscores` ENABLE KEYS */;
UNLOCK TABLES;

--
-- Table structure for table `gamedesignmappingelements`
--

DROP TABLE IF EXISTS `gamedesignmappingelements`;
/*!40101 SET @saved_cs_client     = @@character_set_client */;
/*!40101 SET character_set_client = utf8 */;
CREATE TABLE `gamedesignmappingelements` (
  `Id` varchar(40) NOT NULL,
  `Descricao` longtext,
  `idDesignMapping` varchar(40) DEFAULT NULL,
  `idAssocElement` varchar(40) DEFAULT NULL,
  `idGenreElement` varchar(40) DEFAULT NULL,
  `IsManual` tinyint(1) DEFAULT NULL,
  `ModelElementId` varchar(255) DEFAULT NULL,
  PRIMARY KEY (`Id`),
  KEY `idDesignMapping` (`idDesignMapping`),
  KEY `idAssocElement` (`idAssocElement`),
  KEY `idGenreElement` (`idGenreElement`),
  KEY `idDesignMapping_2` (`idDesignMapping`),
  KEY `idAssocElement_2` (`idAssocElement`),
  KEY `idGenreElement_2` (`idGenreElement`),
  KEY `idDesignMapping_3` (`idDesignMapping`),
  KEY `idAssocElement_3` (`idAssocElement`),
  KEY `idGenreElement_3` (`idGenreElement`),
  CONSTRAINT `FK6D24446D4B4376E9` FOREIGN KEY (`idDesignMapping`) REFERENCES `designmapping` (`Id`),
  CONSTRAINT `FK6D24446D7F92B532` FOREIGN KEY (`idGenreElement`) REFERENCES `gamegenreelement` (`Id`),
  CONSTRAINT `FK6D24446D9A54524D` FOREIGN KEY (`idAssocElement`) REFERENCES `associationconfelements` (`Id`),
  CONSTRAINT `FK77E5C1D64B4376E9` FOREIGN KEY (`idDesignMapping`) REFERENCES `designmapping` (`Id`),
  CONSTRAINT `FK77E5C1D67F92B532` FOREIGN KEY (`idGenreElement`) REFERENCES `gamegenreelement` (`Id`),
  CONSTRAINT `FK77E5C1D69A54524D` FOREIGN KEY (`idAssocElement`) REFERENCES `associationconfelements` (`Id`),
  CONSTRAINT `FK87F9F871506DFC06` FOREIGN KEY (`idDesignMapping`) REFERENCES `designmapping` (`Id`),
  CONSTRAINT `FK87F9F871998A8DF3` FOREIGN KEY (`idAssocElement`) REFERENCES `associationconfelements` (`Id`),
  CONSTRAINT `FK87F9F871F4619B9C` FOREIGN KEY (`idGenreElement`) REFERENCES `gamegenreelement` (`Id`)
) ENGINE=InnoDB DEFAULT CHARSET=utf8;
/*!40101 SET character_set_client = @saved_cs_client */;

--
-- Dumping data for table `gamedesignmappingelements`
--

LOCK TABLES `gamedesignmappingelements` WRITE;
/*!40000 ALTER TABLE `gamedesignmappingelements` DISABLE KEYS */;
INSERT INTO `gamedesignmappingelements` VALUES ('002e717d-79f4-407b-b98f-48b39f363f2d','Estudante <---> Instituição Privada','138410a1-af38-40e3-a9ad-70e737e8e807','20209769-e52b-4ad1-8239-9dfac4f2f467','07ecefe5-eacc-40e7-b973-d91639a6e939',0,'MessageFlow_0pv77al'),('010fa544-03b7-4d71-88d2-8310f921001f','Documentos <---> Entregar Documentos para Conferência','138410a1-af38-40e3-a9ad-70e737e8e807','0654c398-db9b-4c5e-b0c9-c192f4a77c72','07ecefe5-eacc-40e7-b973-d91639a6e939',0,'DataInputAssociation_1lvfji4'),('01872ae8-3735-4583-b098-bed5866b56b9','Início do Período de Inscrição > Separar Documentação > ExclusiveGateway_1k7efta (SequenceFlow_0lk00rv) > Verificar Perfil de Estudante > ExclusiveGateway_17oxobt (SequenceFlow_1es4yct) > Analisar Estudante de Rede Publica > ExclusiveGateway_1n5ivct (Cumpre os requisitos) > ExclusiveGateway_1t67j0l (SequenceFlow_1mdk2vf) > Preencher Solicitação > Selecionar Instituição > Selecionar Tipo de Bolsa > Enviar Solicitação > Envio de Solicitação de Bolsa > Verificar Resultado > IntermediateThrowEvent_0ukb4bs > ExclusiveGateway_1dhucev (Convocado) > Comparecer à Instituição > Entregar Documentos para Conferência > IntermediateThrowEvent_0l27x0y > IntermediateThrowEvent_1so6630 > Analisar Resultado da Conferência > ExclusiveGateway_1d7lgju (Concedido) > Receber Termo de Concedimento de Bolsa  > Recebimento de Bolsa do Prouni','138410a1-af38-40e3-a9ad-70e737e8e807','80c9886f-35d5-4304-9a4f-0b257faf2e1a','bd655881-0d4b-460b-9fbd-ea577d3aa417',0,'Process_Prouni'),('0253c3f8-57b5-4625-b937-bc2bca7319cd','Encerrar Atendimento','03841a8e-8bb4-49ce-8e3a-c667b94f18e7','8b63e0ca-e5b5-4bbe-8dce-b3bf4597279b','0398bdf4-bc79-42d6-8109-017b826b4b39',0,'Task_08k2m08'),('03389be3-90d5-49c5-91cd-bc0a166df5d5','Registrar RO','c6f363ab-bf96-4968-8400-a7a319789cc3','8b63e0ca-e5b5-4bbe-8dce-b3bf4597279b','0398bdf4-bc79-42d6-8109-017b826b4b39',0,'Task_0qxksgz'),('03bc383e-0ae3-4f9e-8e4c-386f1c70ef67','[Enviar Informações para Confeção do Passaporte] creates event (IntermediateThrowEvent_1s4ylef)','03841a8e-8bb4-49ce-8e3a-c667b94f18e7','4987ae0b-4f82-4395-aa78-57b2c9893b05','a2b2192a-69b5-44ee-9ca0-0606aed1acce',0,'IntermediateThrowEvent_1s4ylef'),('041d812a-5165-45f4-a8a2-859cc6a2214d','Avisar Chegada do Passaporte','03841a8e-8bb4-49ce-8e3a-c667b94f18e7','8b63e0ca-e5b5-4bbe-8dce-b3bf4597279b','0398bdf4-bc79-42d6-8109-017b826b4b39',0,'Task_0yoxj43'),('04cdcc9d-c11e-4d34-a539-bb2fd6f088b8','[Cidadão Brasileiro] <---> [Cidadão Brasileiro] ([Comparecer ao Posto da PF Agendado])','03841a8e-8bb4-49ce-8e3a-c667b94f18e7','c166912a-b093-4604-a2cf-3c503438c95b','07ecefe5-eacc-40e7-b973-d91639a6e939',0,'SequenceFlow_0gpoldi'),('05168003-5d92-49b3-9608-7e20467a188d','[Posto da PF] <---> [Posto da PF] ([Coletar Biomertia e Foto])','03841a8e-8bb4-49ce-8e3a-c667b94f18e7','c166912a-b093-4604-a2cf-3c503438c95b','07ecefe5-eacc-40e7-b973-d91639a6e939',0,'SequenceFlow_0gj8bhf'),('05dfbd32-5002-423b-8557-04d6fe4a8598','Cidadão Brasileiro','03841a8e-8bb4-49ce-8e3a-c667b94f18e7','eba21687-60a7-4b3f-a5fc-68b51ea25729','143d0fd1-15eb-44a9-a098-588c6ea90196',0,'Lane_0igww92'),('06182a9c-e2af-435e-9e5c-092265ddc2f7','Protocolo de Retirada','03841a8e-8bb4-49ce-8e3a-c667b94f18e7','70766c1f-ffc4-40f5-966d-a19447ce0701','aafd3f32-8209-4ea6-90db-41cc2294e50f',0,'DataObjectReference_01dbpia'),('0763c78d-0ca3-41ea-91fe-9b4ebe061b0e','Documento de dispensa (Carimbo CAM) <---> Dispensar Conscritro','3fdf0112-9c3f-4472-b6fc-810dd4141576','0654c398-db9b-4c5e-b0c9-c192f4a77c72','07ecefe5-eacc-40e7-b973-d91639a6e939',0,'DataInputAssociation_0hwk6t1'),('07818854-80ef-497b-9d1c-046251dc9ae2','Posto da PF','03841a8e-8bb4-49ce-8e3a-c667b94f18e7','eba21687-60a7-4b3f-a5fc-68b51ea25729','143d0fd1-15eb-44a9-a098-588c6ea90196',0,'Lane_1kadnr3'),('07e93581-8e08-4bca-b4f1-b6529186b694','Coletar Biomertia e Foto <---> SINPA','03841a8e-8bb4-49ce-8e3a-c667b94f18e7','27abfc70-f0c6-49af-bedb-4da2b4c606bc','07ecefe5-eacc-40e7-b973-d91639a6e939',0,'DataOutputAssociation_077wleq'),('082b360c-144d-4b0b-af3b-5669a9bad3d6','[Entregar Documentos para Conferência] creates event (IntermediateThrowEvent_0l27x0y)','138410a1-af38-40e3-a9ad-70e737e8e807','4987ae0b-4f82-4395-aa78-57b2c9893b05','a2b2192a-69b5-44ee-9ca0-0606aed1acce',0,'IntermediateThrowEvent_0l27x0y'),('0858965c-60b9-4d22-b620-fe39f2665ec1','Acolher Pessoa','c6f363ab-bf96-4968-8400-a7a319789cc3','8b63e0ca-e5b5-4bbe-8dce-b3bf4597279b','0398bdf4-bc79-42d6-8109-017b826b4b39',0,'Task_1dcjtb4'),('09de450b-f1e5-47a1-b269-f53ebe7bfc4f','Passaporte','03841a8e-8bb4-49ce-8e3a-c667b94f18e7','70766c1f-ffc4-40f5-966d-a19447ce0701','aafd3f32-8209-4ea6-90db-41cc2294e50f',0,'DataObjectReference_06apfr8'),('0b15ba80-bb98-4629-bfd8-f99e1b911c32','Realizar Juramento à Bandeira','3fdf0112-9c3f-4472-b6fc-810dd4141576','8b63e0ca-e5b5-4bbe-8dce-b3bf4597279b','0398bdf4-bc79-42d6-8109-017b826b4b39',0,'Task_11veqn7'),('0bbfab88-6b1d-4de5-b4ab-e57a61205f4e','Certificado de Alistamento Militar (CAM)','3fdf0112-9c3f-4472-b6fc-810dd4141576','70766c1f-ffc4-40f5-966d-a19447ce0701','aafd3f32-8209-4ea6-90db-41cc2294e50f',0,'DataObjectReference_12dwp81'),('0bc1b449-060d-4e34-a8a4-a7e72c3afc29','Registrar RO <---> Registro de Ocorrência','c6f363ab-bf96-4968-8400-a7a319789cc3','27abfc70-f0c6-49af-bedb-4da2b4c606bc','07ecefe5-eacc-40e7-b973-d91639a6e939',0,'DataOutputAssociation_18wwayi'),('0d262175-bf24-49d5-be43-a87d0c4c8193','Separar Documentação: informações sobre a documentação necessária.\r\n','03841a8e-8bb4-49ce-8e3a-c667b94f18e7','fa5c314e-c222-4609-b2b2-84124d546379','56f309e0-8f8f-436a-a17f-bc0062758db6',1,NULL),('0d4a2722-6dd2-4ace-a401-fe8b655fa9b0','Pagar GRU: GRU Paga','03841a8e-8bb4-49ce-8e3a-c667b94f18e7','fa5c314e-c222-4609-b2b2-84124d546379','56f309e0-8f8f-436a-a17f-bc0062758db6',1,NULL),('0d98ebe2-ff33-4aec-a27e-b7d598c56618','Biometria','03841a8e-8bb4-49ce-8e3a-c667b94f18e7','70766c1f-ffc4-40f5-966d-a19447ce0701','aafd3f32-8209-4ea6-90db-41cc2294e50f',0,'DataObjectReference_1iquh8x'),('0dcaa1e4-6e2a-48e3-a97b-ae1dce0adab5','Analisar Resultado da Conferência','138410a1-af38-40e3-a9ad-70e737e8e807','8b63e0ca-e5b5-4bbe-8dce-b3bf4597279b','0398bdf4-bc79-42d6-8109-017b826b4b39',0,'Task_1fu0xrz'),('0ee6edb6-0219-4b81-8156-c4b83ed39943','Cancelamento da Solicitação','138410a1-af38-40e3-a9ad-70e737e8e807','0281e8c1-2708-46ff-8fda-5b8a96aa3186','b10def87-95b3-4846-9c05-8efafe36b225',0,'EndEvent_141ojb2'),('1029110f-bbb4-4836-8617-f0702714fe8a','Passaporte <---> Conferir Dados do Passaporte','03841a8e-8bb4-49ce-8e3a-c667b94f18e7','0654c398-db9b-4c5e-b0c9-c192f4a77c72','07ecefe5-eacc-40e7-b973-d91639a6e939',0,'DataInputAssociation_11nz9bj'),('10605dbb-78fc-4b94-ad83-fe616947a89d','Enviar Informações para Confecção do Passaporte:  ​envio de informações do passaporte.','03841a8e-8bb4-49ce-8e3a-c667b94f18e7','00a4833b-15ee-4101-a7bc-c7b1a30cdce2','b3f9185d-81eb-4a82-ba6c-b385105d7e6d',1,NULL),('119026f2-7959-455a-be77-b00cffadd31e','Selecionar Junta Militar','3fdf0112-9c3f-4472-b6fc-810dd4141576','8b63e0ca-e5b5-4bbe-8dce-b3bf4597279b','0398bdf4-bc79-42d6-8109-017b826b4b39',0,'Task_0n1l534'),('1233764d-290b-4d6f-9243-8d8bea75401c','Comparecer ao Posto da PF Agendado: ​ ​aguardar até a data e horário agendado, protocolo de agendamento.','03841a8e-8bb4-49ce-8e3a-c667b94f18e7','00a4833b-15ee-4101-a7bc-c7b1a30cdce2','b3f9185d-81eb-4a82-ba6c-b385105d7e6d',1,NULL),('131bccc0-46f7-4da0-9eab-c155a12a6cb1','Realizar Entrevista','3fdf0112-9c3f-4472-b6fc-810dd4141576','8b63e0ca-e5b5-4bbe-8dce-b3bf4597279b','0398bdf4-bc79-42d6-8109-017b826b4b39',0,'Task_1u4s9sn'),('133bfabd-c0f1-4d4d-a860-f6b457448863','Foto e Digital <---> Coletar Biomertia e Foto','03841a8e-8bb4-49ce-8e3a-c667b94f18e7','0654c398-db9b-4c5e-b0c9-c192f4a77c72','07ecefe5-eacc-40e7-b973-d91639a6e939',0,'DataInputAssociation_0qj8ni5'),('139ef6b8-a02d-4a7e-be5b-f494698a25ee','Protocolo de Retirada <---> Emitir Protocolo de Retirada','03841a8e-8bb4-49ce-8e3a-c667b94f18e7','0654c398-db9b-4c5e-b0c9-c192f4a77c72','07ecefe5-eacc-40e7-b973-d91639a6e939',0,'DataInputAssociation_11xjhj1'),('13fac541-85ac-4ddb-b97a-db906775ccf0','Site de PF','03841a8e-8bb4-49ce-8e3a-c667b94f18e7','5f1937b4-5c2c-457c-b661-e5de6ecbddf7','aafd3f32-8209-4ea6-90db-41cc2294e50f',0,'DataStoreReference_0663vvx'),('14503028-de2a-41c3-b9e7-01712c7d47de','Foto e Digital','03841a8e-8bb4-49ce-8e3a-c667b94f18e7','70766c1f-ffc4-40f5-966d-a19447ce0701','aafd3f32-8209-4ea6-90db-41cc2294e50f',0,'DataObjectReference_16x3vry'),('14c91a76-f89e-4446-b39c-9af176171729','[Quartel de Seleção] <---> [Quartel de Apresentação] ([Avaliar CPOR/NPOR])','3fdf0112-9c3f-4472-b6fc-810dd4141576','c166912a-b093-4604-a2cf-3c503438c95b','07ecefe5-eacc-40e7-b973-d91639a6e939',0,'SequenceFlow_1w8va98'),('1546eed4-4fa3-48bb-b1ff-13900c791c3b','[Estudante] <---> [Estudante] ([Receber Termo de Concedimento de Bolsa ])','138410a1-af38-40e3-a9ad-70e737e8e807','c166912a-b093-4604-a2cf-3c503438c95b','07ecefe5-eacc-40e7-b973-d91639a6e939',0,'SequenceFlow_0yhztrz'),('16339f86-a188-4451-8814-d348be65a9f8','Entregar Passaporte','03841a8e-8bb4-49ce-8e3a-c667b94f18e7','8b63e0ca-e5b5-4bbe-8dce-b3bf4597279b','0398bdf4-bc79-42d6-8109-017b826b4b39',0,'Task_0d4ygkl'),('166b5264-2005-4943-8a53-67fc17045aa7','[ExclusiveGateway_1qqenbw] creates event (Fina do Processo)','4dfccc40-ff04-4cd4-9ab6-a7f87dcaa16f','4987ae0b-4f82-4395-aa78-57b2c9893b05','a2b2192a-69b5-44ee-9ca0-0606aed1acce',0,'IntermediateThrowEvent_0xnqyot'),('16e26f74-6dc7-42dd-bb54-dc959cc6bc5d','Site <---> Acessar Site de Alistamento Militar','3fdf0112-9c3f-4472-b6fc-810dd4141576','0654c398-db9b-4c5e-b0c9-c192f4a77c72','07ecefe5-eacc-40e7-b973-d91639a6e939',0,'DataInputAssociation_1izomma'),('17f0954c-2e29-4f34-99f2-dfbf65057de2','Recebimento de Bolsa do Prouni','138410a1-af38-40e3-a9ad-70e737e8e807','0281e8c1-2708-46ff-8fda-5b8a96aa3186','b10def87-95b3-4846-9c05-8efafe36b225',0,'EndEvent_1h7r6au'),('1a6cf848-3ad2-49ba-bb44-586d37a5032e','Registro de Ocorrência','c6f363ab-bf96-4968-8400-a7a319789cc3','70766c1f-ffc4-40f5-966d-a19447ce0701','aafd3f32-8209-4ea6-90db-41cc2294e50f',0,'DataObjectReference_0csr1pb'),('1a9c5d1b-ac2a-4497-bb8e-4310ef47adde','Certificado de Alistamento Militar (CAM) <---> Entregar Documentos','3fdf0112-9c3f-4472-b6fc-810dd4141576','0654c398-db9b-4c5e-b0c9-c192f4a77c72','07ecefe5-eacc-40e7-b973-d91639a6e939',0,'DataInputAssociation_1ncavr1'),('1c024b06-7db3-476e-ad9a-00180f9d3e8e','If [Verificar Perfil de Estudante] == [SequenceFlow_1es4yct] then [Analisar Estudante de Rede Publica]','138410a1-af38-40e3-a9ad-70e737e8e807','67b610bd-4d00-442e-828d-304008be22fc','b3f9185d-81eb-4a82-ba6c-b385105d7e6d',0,'ExclusiveGateway_17oxobt'),('1c621827-69b5-4ec3-888a-67d737fb6224','[Avisar Chegada do Passaporte] needs of event [IntermediateThrowEvent_0495jgy]','03841a8e-8bb4-49ce-8e3a-c667b94f18e7','2b6cf385-5644-425e-b09b-801ffa84fa20','b3f9185d-81eb-4a82-ba6c-b385105d7e6d',0,'IntermediateThrowEvent_0495jgy'),('1c71d217-a47f-4d4a-a529-9bf3cf5902b8','Cadastrar Alistamento Militar <---> Site','3fdf0112-9c3f-4472-b6fc-810dd4141576','27abfc70-f0c6-49af-bedb-4da2b4c606bc','07ecefe5-eacc-40e7-b973-d91639a6e939',0,'DataOutputAssociation_1t780vh'),('1cea91a8-3d3c-4e24-a51a-8a598da7782a','Documentos <---> Colher Informações','c6f363ab-bf96-4968-8400-a7a319789cc3','0654c398-db9b-4c5e-b0c9-c192f4a77c72','07ecefe5-eacc-40e7-b973-d91639a6e939',0,'DataInputAssociation_0sb0j6n'),('1e1a6e23-4491-4e1e-931b-66bcc982ddfc','Encerramento da Solicitação','138410a1-af38-40e3-a9ad-70e737e8e807','0281e8c1-2708-46ff-8fda-5b8a96aa3186','b10def87-95b3-4846-9c05-8efafe36b225',0,'EndEvent_0ovzo1r'),('1edfe475-84c6-436b-9949-cc9121256e30','Registro de Ocorrência <---> Registrar RO','c6f363ab-bf96-4968-8400-a7a319789cc3','0654c398-db9b-4c5e-b0c9-c192f4a77c72','07ecefe5-eacc-40e7-b973-d91639a6e939',0,'DataInputAssociation_0gu117p'),('209fb82a-edce-42e8-b9ca-fa4a7e140da6','[Quartel de Seleção] <---> [Conscrito] ([Retornar ao Quartel de Seleção])','3fdf0112-9c3f-4472-b6fc-810dd4141576','c166912a-b093-4604-a2cf-3c503438c95b','07ecefe5-eacc-40e7-b973-d91639a6e939',0,'SequenceFlow_16tr5ey'),('2121f622-7938-4591-9a57-1ab687e4fc16','Cancelamento da Solicitação','138410a1-af38-40e3-a9ad-70e737e8e807','6a1837b8-99d5-4795-90a1-2ac252955632','ddeabd7a-2e66-4cf0-94b1-b10697094e9b',0,'EndEvent_141ojb2'),('21a1b707-234e-475f-a83c-e1f3b28231ab','Termo de Concentimento de Bolsa','138410a1-af38-40e3-a9ad-70e737e8e807','70766c1f-ffc4-40f5-966d-a19447ce0701','aafd3f32-8209-4ea6-90db-41cc2294e50f',0,'DataObjectReference_0islpqf'),('2209ff87-bec3-412d-b040-00c46e34da0b','Agendar Atendimento: ​protocolo de agendamento.','03841a8e-8bb4-49ce-8e3a-c667b94f18e7','fa5c314e-c222-4609-b2b2-84124d546379','56f309e0-8f8f-436a-a17f-bc0062758db6',1,NULL),('225e3067-3dc1-41a3-a196-79dc5714f2f5','[Estudante] <---> [Estudante] ([Encerramento de Solicitação])','138410a1-af38-40e3-a9ad-70e737e8e807','c166912a-b093-4604-a2cf-3c503438c95b','07ecefe5-eacc-40e7-b973-d91639a6e939',0,'SequenceFlow_0p9klny'),('2270201b-fb35-46a2-b643-90956e740dbb','Notificação de Desaparecimento Recebida','c6f363ab-bf96-4968-8400-a7a319789cc3','49cff4eb-0068-43be-a569-7af10491e475','a2b2192a-69b5-44ee-9ca0-0606aed1acce',0,'StartEvent_0g1lkn7'),('22b3326a-4a01-4550-8808-85d8edddf1e2','Dispensar Conscritro','3fdf0112-9c3f-4472-b6fc-810dd4141576','8b63e0ca-e5b5-4bbe-8dce-b3bf4597279b','0398bdf4-bc79-42d6-8109-017b826b4b39',0,'Task_1pkc02n'),('22c1b6ec-1926-47df-8ef5-5ce485524949','[Conscrito] <---> [Junta Militar] ([Emitir CAM])','3fdf0112-9c3f-4472-b6fc-810dd4141576','c166912a-b093-4604-a2cf-3c503438c95b','07ecefe5-eacc-40e7-b973-d91639a6e939',0,'SequenceFlow_1ajxgzp'),('25743fc8-b086-4368-9f12-1bc288551320','[Cidadão Brasileiro] <---> [Cidadão Brasileiro] ([Separar Documentação])','03841a8e-8bb4-49ce-8e3a-c667b94f18e7','c166912a-b093-4604-a2cf-3c503438c95b','07ecefe5-eacc-40e7-b973-d91639a6e939',0,'SequenceFlow_1i4f3nl'),('25b530be-5857-4271-9fa5-b22f09f7facd','Verificar Documentação Necessária <---> Site de PF','03841a8e-8bb4-49ce-8e3a-c667b94f18e7','27abfc70-f0c6-49af-bedb-4da2b4c606bc','07ecefe5-eacc-40e7-b973-d91639a6e939',0,'DataOutputAssociation_1xudg5x'),('26a136eb-6301-4964-829f-94726436b83b','Ingressar como Aluno CPOR/NPOR','3fdf0112-9c3f-4472-b6fc-810dd4141576','8b63e0ca-e5b5-4bbe-8dce-b3bf4597279b','0398bdf4-bc79-42d6-8109-017b826b4b39',0,'Task_11od5n9'),('26d77370-d79b-4d47-ace5-df0db4f90497','[Cidadão Brasileiro] <---> [Cidadão Brasileiro] ([Pagar GRU])','03841a8e-8bb4-49ce-8e3a-c667b94f18e7','c166912a-b093-4604-a2cf-3c503438c95b','07ecefe5-eacc-40e7-b973-d91639a6e939',0,'SequenceFlow_0zlt6jg'),('274196da-b1bf-4c6e-b04f-9999b6e15a42','Documento de Avaliação (CAM)','3fdf0112-9c3f-4472-b6fc-810dd4141576','70766c1f-ffc4-40f5-966d-a19447ce0701','aafd3f32-8209-4ea6-90db-41cc2294e50f',0,'DataObjectReference_0bpkk1l'),('27b3af3d-f251-4792-a66c-6d6d7da95fd6','Cancelamento de Passaporte','03841a8e-8bb4-49ce-8e3a-c667b94f18e7','0281e8c1-2708-46ff-8fda-5b8a96aa3186','b10def87-95b3-4846-9c05-8efafe36b225',0,'EndEvent_0xpzhmn'),('280d5a84-9123-4ca8-8553-c966a9483926','Corrigir Passaporte <---> SINPA','03841a8e-8bb4-49ce-8e3a-c667b94f18e7','27abfc70-f0c6-49af-bedb-4da2b4c606bc','07ecefe5-eacc-40e7-b973-d91639a6e939',0,'DataOutputAssociation_12b50z8'),('28340ed0-4cf4-4a2e-beb1-e3fca1e95d54','Designar Conscrito','3fdf0112-9c3f-4472-b6fc-810dd4141576','8b63e0ca-e5b5-4bbe-8dce-b3bf4597279b','0398bdf4-bc79-42d6-8109-017b826b4b39',0,'Task_1kvbrmv'),('28dc1116-f6f7-4fac-9bf5-057730272e3f','If [Analisar Resultado da Conferência] == [Não concedida] then [Encerrar Solicitação]','138410a1-af38-40e3-a9ad-70e737e8e807','67b610bd-4d00-442e-828d-304008be22fc','b3f9185d-81eb-4a82-ba6c-b385105d7e6d',0,'ExclusiveGateway_1d7lgju'),('29061526-d8e8-4705-9d8f-8e1584814a56','Designar Quartel','3fdf0112-9c3f-4472-b6fc-810dd4141576','8b63e0ca-e5b5-4bbe-8dce-b3bf4597279b','0398bdf4-bc79-42d6-8109-017b826b4b39',0,'Task_0crfrbh'),('29559e17-d18c-494b-8a14-20ab32f8f79e','Encerrar Atendimento','c6f363ab-bf96-4968-8400-a7a319789cc3','8b63e0ca-e5b5-4bbe-8dce-b3bf4597279b','0398bdf4-bc79-42d6-8109-017b826b4b39',0,'Task_1oggjr6'),('2998f547-24f6-4b0a-89ba-9a4e2b1008cd','[Estudante] <---> [Estudante] ([Encerrar Solicitação])','138410a1-af38-40e3-a9ad-70e737e8e807','c166912a-b093-4604-a2cf-3c503438c95b','07ecefe5-eacc-40e7-b973-d91639a6e939',0,'SequenceFlow_04ivb66'),('2a2c3d68-7e84-4255-beed-65851dcd255c','Selecionar situação de Alistamento <---> Site','3fdf0112-9c3f-4472-b6fc-810dd4141576','27abfc70-f0c6-49af-bedb-4da2b4c606bc','07ecefe5-eacc-40e7-b973-d91639a6e939',0,'DataOutputAssociation_1f4u3og'),('2a9456f2-e8af-4743-baf9-f3c4f6e9de50','If [Designar Quartel] == [apresentar] then [Ingressar como Recruta]','3fdf0112-9c3f-4472-b6fc-810dd4141576','67b610bd-4d00-442e-828d-304008be22fc','b3f9185d-81eb-4a82-ba6c-b385105d7e6d',0,'ExclusiveGateway_1e7wtvb'),('2b0746c9-5c7c-4a51-9672-e11491d0dd7c','Nro. do ENEM <---> Separar Documentação','138410a1-af38-40e3-a9ad-70e737e8e807','0654c398-db9b-4c5e-b0c9-c192f4a77c72','07ecefe5-eacc-40e7-b973-d91639a6e939',0,'DataInputAssociation_1xtxilb'),('2c2664aa-56c5-4719-8b49-897740c600b0','Documentos <---> Separar Documentos','3fdf0112-9c3f-4472-b6fc-810dd4141576','0654c398-db9b-4c5e-b0c9-c192f4a77c72','07ecefe5-eacc-40e7-b973-d91639a6e939',0,'DataInputAssociation_1whgsav'),('2dcb714a-a5fc-479d-99d9-6cd824053af0','Assinar Passaporte','03841a8e-8bb4-49ce-8e3a-c667b94f18e7','8b63e0ca-e5b5-4bbe-8dce-b3bf4597279b','0398bdf4-bc79-42d6-8109-017b826b4b39',0,'Task_09qantn'),('2e127fb2-a036-4668-b333-7584fe200503','[Quartel de Seleção] <---> [Conscrito] ([Comparecer a Junta de Serviço Militar])','3fdf0112-9c3f-4472-b6fc-810dd4141576','c166912a-b093-4604-a2cf-3c503438c95b','07ecefe5-eacc-40e7-b973-d91639a6e939',0,'SequenceFlow_1vw6gwl'),('2e21f4fb-db3d-4ce2-9a93-b4d3e1923776','[Estudante] <---> [Estudante] ([Entregar Documentos para Conferência])','138410a1-af38-40e3-a9ad-70e737e8e807','c166912a-b093-4604-a2cf-3c503438c95b','07ecefe5-eacc-40e7-b973-d91639a6e939',0,'SequenceFlow_1jcpoit'),('2e872c35-0c44-44dc-ac08-1b844ca4d778','CAM','3fdf0112-9c3f-4472-b6fc-810dd4141576','70766c1f-ffc4-40f5-966d-a19447ce0701','aafd3f32-8209-4ea6-90db-41cc2294e50f',0,'DataObjectReference_13k47y2'),('2eccb564-719c-4d01-b5f3-8020150176b1','Ano que completa 18 anos > Acessar Site de Alistamento Militar > Selecionar situação de Alistamento > Cadastrar Alistamento Militar > Selecionar Junta Militar > Separar Documentos > Comparecer a Junta de Serviço Militar > Emitir CAM > Data e Hora Especificada > Comparecer ao Quartel de Seleção > Entregar Documentos > Realizar Exame Médico > ExclusiveGateway_0l74yyv (inápto) > Dispensar Conscritro > Data e Hora Marcada > Comparecer a Junta de Serviço Militar > Realizar Juramento à Bandeira > Emitir Cerificado de Reservista > Receber Certificado de Reservista > Dispensa do Serviço Militar','3fdf0112-9c3f-4472-b6fc-810dd4141576','80c9886f-35d5-4304-9a4f-0b257faf2e1a','bd655881-0d4b-460b-9fbd-ea577d3aa417',0,'Process_Alistamento'),('2f182c9f-a320-48d3-8f2a-4a5e3f379b12','If [Analisar Estudante de Rede Privada] == [Não cumpre os requisitos] then [Encerrar Solicitação]','138410a1-af38-40e3-a9ad-70e737e8e807','67b610bd-4d00-442e-828d-304008be22fc','b3f9185d-81eb-4a82-ba6c-b385105d7e6d',0,'ExclusiveGateway_1n5ivct'),('2f5a7a65-9186-46d0-8701-a490d4d3f8aa','Solicitar Entrevista','3fdf0112-9c3f-4472-b6fc-810dd4141576','8b63e0ca-e5b5-4bbe-8dce-b3bf4597279b','0398bdf4-bc79-42d6-8109-017b826b4b39',0,'Task_0sqb8rt'),('2fa623ab-198c-42fe-914c-1d86e912e2d2','Enviar Informações para Confeção do Passaporte','03841a8e-8bb4-49ce-8e3a-c667b94f18e7','8b63e0ca-e5b5-4bbe-8dce-b3bf4597279b','0398bdf4-bc79-42d6-8109-017b826b4b39',0,'Task_0l4tlem'),('31dd386c-2cfa-49fb-8324-6e172487556d','Coletar Biometria:  ​impressões digitais e fotografia.','03841a8e-8bb4-49ce-8e3a-c667b94f18e7','00a4833b-15ee-4101-a7bc-c7b1a30cdce2','b3f9185d-81eb-4a82-ba6c-b385105d7e6d',1,NULL),('3369004f-0857-4cea-af81-df6b3c2af240','Casa da Moeda (Rio de Janeiro)','03841a8e-8bb4-49ce-8e3a-c667b94f18e7','1a568657-dacc-4399-8989-a01cb3087a69','143d0fd1-15eb-44a9-a098-588c6ea90196',0,'Participant_1j7pc6w'),('339a4142-fec7-4378-9552-4ea70ee4a04d','Registrar RO <---> Registro de Ocorrência','c6f363ab-bf96-4968-8400-a7a319789cc3','27abfc70-f0c6-49af-bedb-4da2b4c606bc','07ecefe5-eacc-40e7-b973-d91639a6e939',0,'DataOutputAssociation_0nkpndv'),('33d441c1-af37-4a95-9bf6-bf8031c6379b','Cancelar Passaporte: ​cancelamento do passaporte.','03841a8e-8bb4-49ce-8e3a-c667b94f18e7','fa5c314e-c222-4609-b2b2-84124d546379','56f309e0-8f8f-436a-a17f-bc0062758db6',1,NULL),('33f557af-fd3c-4a09-ae6e-fb4927d5ef4e','Solicitação de Passaporte > Verificar Documentação Necessária > Separar Documentação > Requerer Passaporte > Pagar GRU > Aguardar 72h > Agendar Atendimento > Data e Horário Agendado > Comparecer ao Posto da PF Agendado > Conferir Documentação > ExclusiveGateway_1ryiri4 (Incorreta) > Encerrar Atendimento > Atendimento Encerrado','03841a8e-8bb4-49ce-8e3a-c667b94f18e7','80c9886f-35d5-4304-9a4f-0b257faf2e1a','bd655881-0d4b-460b-9fbd-ea577d3aa417',0,'Process_Passaporte'),('340c04cd-1f83-40b9-ba4e-f320be1e0576','[Quartel de Seleção] <---> [Quartel de Seleção] ([Designar Quartel])','3fdf0112-9c3f-4472-b6fc-810dd4141576','c166912a-b093-4604-a2cf-3c503438c95b','07ecefe5-eacc-40e7-b973-d91639a6e939',0,'SequenceFlow_1w8va98'),('3498aa9b-a8a2-49d4-8b61-1fa19e2fed14','If [Analisar Resultado da Conferência] == [Concedido] then [Receber Termo de Concedimento de Bolsa ]','138410a1-af38-40e3-a9ad-70e737e8e807','67b610bd-4d00-442e-828d-304008be22fc','b3f9185d-81eb-4a82-ba6c-b385105d7e6d',0,'ExclusiveGateway_1d7lgju'),('3567b17e-d065-4760-9b6f-da250519ec2b','Site do Prouni','138410a1-af38-40e3-a9ad-70e737e8e807','5f1937b4-5c2c-457c-b661-e5de6ecbddf7','aafd3f32-8209-4ea6-90db-41cc2294e50f',0,'DataStoreReference_0rkznkp'),('362e530a-ef93-4a61-83fe-8ad9672f3e43','[Estudante] <---> [Estudante] ([Verificar Resultado])','138410a1-af38-40e3-a9ad-70e737e8e807','c166912a-b093-4604-a2cf-3c503438c95b','07ecefe5-eacc-40e7-b973-d91639a6e939',0,'SequenceFlow_0n13pc6'),('3833fde8-164d-4766-803b-eafb289ce17a','[Posto da PF] <---> [Posto da PF] ([Atendimento Encerrado])','03841a8e-8bb4-49ce-8e3a-c667b94f18e7','c166912a-b093-4604-a2cf-3c503438c95b','07ecefe5-eacc-40e7-b973-d91639a6e939',0,'SequenceFlow_0e8k8fs'),('38573d34-6384-4bfa-8678-3f14601ce757','Verificar Documentação Necessária','03841a8e-8bb4-49ce-8e3a-c667b94f18e7','8b63e0ca-e5b5-4bbe-8dce-b3bf4597279b','0398bdf4-bc79-42d6-8109-017b826b4b39',0,'Task_0kjqkj9'),('38c7a847-0207-496b-b14e-239bca393384','[Posto da PF] <---> [Posto da PF] ([Avisar Chegada do Passaporte])','03841a8e-8bb4-49ce-8e3a-c667b94f18e7','c166912a-b093-4604-a2cf-3c503438c95b','07ecefe5-eacc-40e7-b973-d91639a6e939',0,'SequenceFlow_0rkf97g'),('3ab1eb34-1fa6-462a-86ef-4a9a00d74402','If [Designar Conscrito] == [Recruta] then [Designar Quartel]','3fdf0112-9c3f-4472-b6fc-810dd4141576','67b610bd-4d00-442e-828d-304008be22fc','b3f9185d-81eb-4a82-ba6c-b385105d7e6d',0,'ExclusiveGateway_17rb3f2'),('3b0cbb06-7c87-4da4-aba0-e0967b8f20d7','Enviar RO','c6f363ab-bf96-4968-8400-a7a319789cc3','8b63e0ca-e5b5-4bbe-8dce-b3bf4597279b','0398bdf4-bc79-42d6-8109-017b826b4b39',0,'Task_1sjjfcs'),('3bab7acc-aab5-45b9-b932-1c95cbec90c2','Registro de Ocorrência <---> Enviar RO','c6f363ab-bf96-4968-8400-a7a319789cc3','0654c398-db9b-4c5e-b0c9-c192f4a77c72','07ecefe5-eacc-40e7-b973-d91639a6e939',0,'DataInputAssociation_10aywld'),('3bd44cc4-4822-4680-af26-41ca635bb444','Processo de Requisição do PROUNI','138410a1-af38-40e3-a9ad-70e737e8e807','caeef544-8b9e-46b9-b9ad-6882afba4767','fd7e51ff-da9f-4eb5-bbba-24186283199b',0,'Participant_0wusrrw'),('3ee27fb3-fee3-4ffb-b832-51ea8f0419f4','Comparecer a Junta de Serviço Militar','3fdf0112-9c3f-4472-b6fc-810dd4141576','8b63e0ca-e5b5-4bbe-8dce-b3bf4597279b','0398bdf4-bc79-42d6-8109-017b826b4b39',0,'Task_15oeh2o'),('3fe20fa7-4fed-40b5-ae66-3b5311978fad','Condição para Assinatura e Retirada do Passaporte: O posto da PF somente permitirá a assinatura e entrega do passaporte ao solicitante caso as informações contidas neles sejam conferidas e estiverem corretas. Além disso, somente o solicitante poderá retirar o passaporte.','03841a8e-8bb4-49ce-8e3a-c667b94f18e7','f4b0a66a-e026-4bc4-9a70-143ab210529c','b3f9185d-81eb-4a82-ba6c-b385105d7e6d',1,NULL),('401608c7-5fd5-47e9-937d-b84e111a69f3','Encerramento de Solicitação','138410a1-af38-40e3-a9ad-70e737e8e807','0281e8c1-2708-46ff-8fda-5b8a96aa3186','b10def87-95b3-4846-9c05-8efafe36b225',0,'EndEvent_1aib3z9'),('40340cc9-0af2-4b22-ad2e-30c37d4add8e','Encerrar Solicitação','138410a1-af38-40e3-a9ad-70e737e8e807','8b63e0ca-e5b5-4bbe-8dce-b3bf4597279b','0398bdf4-bc79-42d6-8109-017b826b4b39',0,'Task_00q5hid'),('40360faa-de8f-4519-9744-9939b48990ad','[Conscrito] <---> [Conscrito] ([Cadastrar Alistamento Militar])','3fdf0112-9c3f-4472-b6fc-810dd4141576','c166912a-b093-4604-a2cf-3c503438c95b','07ecefe5-eacc-40e7-b973-d91639a6e939',0,'SequenceFlow_0i46bzo'),('41e4d694-e75a-4fc5-a113-e0c7c6aaff10','Dispensa do Serviço Militar','3fdf0112-9c3f-4472-b6fc-810dd4141576','0281e8c1-2708-46ff-8fda-5b8a96aa3186','b10def87-95b3-4846-9c05-8efafe36b225',0,'EndEvent_05laor5'),('41f75e0a-11d5-42d8-a181-081eb1b337a2','Requerer Passaporte <---> SINPA','03841a8e-8bb4-49ce-8e3a-c667b94f18e7','27abfc70-f0c6-49af-bedb-4da2b4c606bc','07ecefe5-eacc-40e7-b973-d91639a6e939',0,'DataOutputAssociation_1g2d67t'),('420e75e4-9a0c-4fda-ac18-7b3b6a55e09a','Entregar Passaporte: passaporte.','03841a8e-8bb4-49ce-8e3a-c667b94f18e7','00a4833b-15ee-4101-a7bc-c7b1a30cdce2','b3f9185d-81eb-4a82-ba6c-b385105d7e6d',1,NULL),('42d716a6-d900-4692-a776-cfcdc82a23f0','If [Não comparecer a instituição no prazo] in [Comparecer à Instituição] then [Encerrar Solicitação]','138410a1-af38-40e3-a9ad-70e737e8e807','9d55bc14-097c-40b5-b9b5-b59f3888e573','b3f9185d-81eb-4a82-ba6c-b385105d7e6d',0,'BoundaryEvent_1bdye0h'),('4459dee1-81ef-4c0f-8fe7-e787bcc7e337','[Cidadão Brasileiro] <---> [Posto da PF] ([Conferir Documentação])','03841a8e-8bb4-49ce-8e3a-c667b94f18e7','c166912a-b093-4604-a2cf-3c503438c95b','07ecefe5-eacc-40e7-b973-d91639a6e939',0,'SequenceFlow_1kgepp7'),('445a926f-35c9-4121-ae4f-8dd3986898d4','Documentos <---> Separar Documentação','138410a1-af38-40e3-a9ad-70e737e8e807','0654c398-db9b-4c5e-b0c9-c192f4a77c72','07ecefe5-eacc-40e7-b973-d91639a6e939',0,'DataInputAssociation_02lirp5'),('446ca505-35ea-45e2-b0c4-99a6d51f2020','Instituição Privada <---> Estudante','138410a1-af38-40e3-a9ad-70e737e8e807','20209769-e52b-4ad1-8239-9dfac4f2f467','07ecefe5-eacc-40e7-b973-d91639a6e939',0,'MessageFlow_08srs13'),('4484865f-47b1-48c8-a965-4dfd233e918e','If [Realizar Exame Médico] == [ápto] then [Realizar Exame Psicológico]','3fdf0112-9c3f-4472-b6fc-810dd4141576','67b610bd-4d00-442e-828d-304008be22fc','b3f9185d-81eb-4a82-ba6c-b385105d7e6d',0,'ExclusiveGateway_0l74yyv'),('452a80e7-e0b0-41c1-86c9-867875a089f8','Processo de Criar RO','c6f363ab-bf96-4968-8400-a7a319789cc3','caeef544-8b9e-46b9-b9ad-6882afba4767','fd7e51ff-da9f-4eb5-bbba-24186283199b',0,'Participant_1tswbjw'),('45574487-298b-47b6-bb0c-f68472ca0afa','Cancelamento de Passaporte','03841a8e-8bb4-49ce-8e3a-c667b94f18e7','6a1837b8-99d5-4795-90a1-2ac252955632','ddeabd7a-2e66-4cf0-94b1-b10697094e9b',0,'EndEvent_0xpzhmn'),('4776bee9-161a-45c7-9cb8-497dbfc2c22d','[Delegacia de Descoberta de Paradeiros (DDPA)] <---> [Delegacia de Descoberta de Paradeiros (DDPA)] ([Registrar RO])','c6f363ab-bf96-4968-8400-a7a319789cc3','c166912a-b093-4604-a2cf-3c503438c95b','07ecefe5-eacc-40e7-b973-d91639a6e939',0,'SequenceFlow_133eu4j'),('48fcf220-f82c-4f2d-bc4b-da7d9d4d17cc','[Estudante] <---> [Estudante] ([Analisar Resultado da Conferência])','138410a1-af38-40e3-a9ad-70e737e8e807','c166912a-b093-4604-a2cf-3c503438c95b','07ecefe5-eacc-40e7-b973-d91639a6e939',0,'SequenceFlow_10qari9'),('4917d155-11a9-4cc4-8251-ee5b1a234f15','Encerramento da Solicitação','138410a1-af38-40e3-a9ad-70e737e8e807','6a1837b8-99d5-4795-90a1-2ac252955632','ddeabd7a-2e66-4cf0-94b1-b10697094e9b',0,'EndEvent_0ovzo1r'),('49737222-b547-493e-9483-6976c1d1275d','Registrar Fato Atípico <---> ROWEB','c6f363ab-bf96-4968-8400-a7a319789cc3','27abfc70-f0c6-49af-bedb-4da2b4c606bc','07ecefe5-eacc-40e7-b973-d91639a6e939',0,'DataOutputAssociation_10es4gb'),('4a1ccc47-e7b7-4205-82ee-0c1bfb6cbde2','[Estudante] <---> [Estudante] ([Verificar ENEM])','138410a1-af38-40e3-a9ad-70e737e8e807','c166912a-b093-4604-a2cf-3c503438c95b','07ecefe5-eacc-40e7-b973-d91639a6e939',0,'SequenceFlow_0gjewua'),('4bc78161-c995-46a5-b6a6-a16038db4b05','Encerrar Solicitação','138410a1-af38-40e3-a9ad-70e737e8e807','8b63e0ca-e5b5-4bbe-8dce-b3bf4597279b','0398bdf4-bc79-42d6-8109-017b826b4b39',0,'Task_0gjcdvu'),('4c889d09-2928-42a1-ab43-d398f61164d6','Biometria <---> Conferir Dados do Passaporte','03841a8e-8bb4-49ce-8e3a-c667b94f18e7','0654c398-db9b-4c5e-b0c9-c192f4a77c72','07ecefe5-eacc-40e7-b973-d91639a6e939',0,'DataInputAssociation_1bh3gcm'),('4e2937b9-444f-48db-a56d-3b816c3f9a86','ROWEB','c6f363ab-bf96-4968-8400-a7a319789cc3','5f1937b4-5c2c-457c-b661-e5de6ecbddf7','aafd3f32-8209-4ea6-90db-41cc2294e50f',0,'DataStoreReference_1avuz6e'),('4ffb25a3-2f1f-4d4f-ac8b-c0aa7ee22aae','[Conscrito] <---> [Conscrito] ([Comparecer a Junta de Serviço Militar])','3fdf0112-9c3f-4472-b6fc-810dd4141576','c166912a-b093-4604-a2cf-3c503438c95b','07ecefe5-eacc-40e7-b973-d91639a6e939',0,'SequenceFlow_12zpi04'),('5021ed2a-3d64-4318-9158-b199b95ce7ea','Coletar Biomertia e Foto','03841a8e-8bb4-49ce-8e3a-c667b94f18e7','8b63e0ca-e5b5-4bbe-8dce-b3bf4597279b','0398bdf4-bc79-42d6-8109-017b826b4b39',0,'Task_0pwx5q5'),('51179e31-ad8d-4e74-a74c-7a506dbaf222','Solicitação de Passaporte > Verificar Documentação Necessária > Separar Documentação > Requerer Passaporte > Pagar GRU > Aguardar 72h > Agendar Atendimento > Data e Horário Agendado > Comparecer ao Posto da PF Agendado > Conferir Documentação > ExclusiveGateway_1ryiri4 (Correta) > Coletar Biomertia e Foto > ExclusiveGateway_0c85aw8 (SequenceFlow_16iyogr) > Emitir Protocolo de Retirada > 6 Dias > ExclusiveGateway_0qfi81n (SequenceFlow_19lchuc) > Comparecer ao Posto da PF > Conferir Dados do Passaporte > ExclusiveGateway_1lrg01t (Correto) > Assinar Passaporte > Entregar Passaporte > Recebimento de Passaporte','03841a8e-8bb4-49ce-8e3a-c667b94f18e7','80c9886f-35d5-4304-9a4f-0b257faf2e1a','bd655881-0d4b-460b-9fbd-ea577d3aa417',0,'Process_Passaporte'),('51aa0655-b3c9-4248-86bc-4e42ed15d2f4','If [Conferir Documentação] == [Correta] then [Coletar Biomertia e Foto]','03841a8e-8bb4-49ce-8e3a-c667b94f18e7','67b610bd-4d00-442e-828d-304008be22fc','b3f9185d-81eb-4a82-ba6c-b385105d7e6d',0,'ExclusiveGateway_1ryiri4'),('51bdf405-45db-44da-8713-d2bb6a406144','[ExclusiveGateway_0qfi81n] needs of event [Email ]','03841a8e-8bb4-49ce-8e3a-c667b94f18e7','2b6cf385-5644-425e-b09b-801ffa84fa20','b3f9185d-81eb-4a82-ba6c-b385105d7e6d',0,'IntermediateThrowEvent_1eybokv'),('526889b6-5c05-4c0c-94e9-c3759573e4d4','If [IntermediateThrowEvent_0ukb4bs] == [Não Convocado] then [Verificar Resultado]','138410a1-af38-40e3-a9ad-70e737e8e807','67b610bd-4d00-442e-828d-304008be22fc','b3f9185d-81eb-4a82-ba6c-b385105d7e6d',0,'ExclusiveGateway_1dhucev'),('5304bd2b-77a4-4963-8ac8-728a4226b9a5','[Quartel de Apresentação] <---> [Quartel de Seleção] ([Designar Quartel])','3fdf0112-9c3f-4472-b6fc-810dd4141576','c166912a-b093-4604-a2cf-3c503438c95b','07ecefe5-eacc-40e7-b973-d91639a6e939',0,'SequenceFlow_0zvwfb6'),('53ced8a4-85ec-42a1-b7f4-043b3c54ccc5','Documentos','3fdf0112-9c3f-4472-b6fc-810dd4141576','70766c1f-ffc4-40f5-966d-a19447ce0701','aafd3f32-8209-4ea6-90db-41cc2294e50f',0,'DataObjectReference_0j6e1so'),('542620a1-2f13-4d3a-8165-31fd88df6588','[Conscrito] <---> [Quartel de Seleção] ([Realizar Exame Médico])','3fdf0112-9c3f-4472-b6fc-810dd4141576','c166912a-b093-4604-a2cf-3c503438c95b','07ecefe5-eacc-40e7-b973-d91639a6e939',0,'SequenceFlow_0ome4xj'),('545990a7-3a7f-4a0d-87ce-ced17b3c377b','Corrigir Passaporte: ​protocolo de retirada de passaporte.','03841a8e-8bb4-49ce-8e3a-c667b94f18e7','fa5c314e-c222-4609-b2b2-84124d546379','56f309e0-8f8f-436a-a17f-bc0062758db6',1,NULL),('55d52dfd-6e5b-40d2-bf41-eea3aa1ebfe0','If [Realizar Exame Psicológico] == [ápto] then [Solicitar Entrevista]','3fdf0112-9c3f-4472-b6fc-810dd4141576','67b610bd-4d00-442e-828d-304008be22fc','b3f9185d-81eb-4a82-ba6c-b385105d7e6d',0,'ExclusiveGateway_10jg12p'),('55db04ad-4d83-4932-90ea-5e4eb89e00eb','[Posto da PF] <---> [Posto da PF] ([Emitir Protocolo de Retirada])','03841a8e-8bb4-49ce-8e3a-c667b94f18e7','c166912a-b093-4604-a2cf-3c503438c95b','07ecefe5-eacc-40e7-b973-d91639a6e939',0,'SequenceFlow_1rba0pi'),('56456806-5513-40b7-9431-be0f6083bf28','If [Realizar Entrevista] == [ápto] then [Designar Conscrito]','3fdf0112-9c3f-4472-b6fc-810dd4141576','67b610bd-4d00-442e-828d-304008be22fc','b3f9185d-81eb-4a82-ba6c-b385105d7e6d',0,'ExclusiveGateway_0h4pk7k'),('56eb8cfb-ca64-426b-a9b7-f1000608237c','If [Analisar Estudante de Rede Publica] == [Não cumpre os requisitos] then [Encerrar Solicitação]','138410a1-af38-40e3-a9ad-70e737e8e807','67b610bd-4d00-442e-828d-304008be22fc','b3f9185d-81eb-4a82-ba6c-b385105d7e6d',0,'ExclusiveGateway_1n5ivct'),('57f15f64-e7b2-4d01-a44d-18c3b3714eed','Perform [Separar Documentação] then perform in parallel [<Verificar Perfil de Estudante> and <Verificar ENEM>]','138410a1-af38-40e3-a9ad-70e737e8e807','c288de5b-6e3c-40c0-8da4-27eaa9fb0ebf','b3f9185d-81eb-4a82-ba6c-b385105d7e6d',0,'ExclusiveGateway_1k7efta'),('59dda60d-03b1-463b-b21f-d22ce21482ca','Emitir CAM','3fdf0112-9c3f-4472-b6fc-810dd4141576','8b63e0ca-e5b5-4bbe-8dce-b3bf4597279b','0398bdf4-bc79-42d6-8109-017b826b4b39',0,'Task_1bmy52v'),('5aa03eae-c55a-418b-8712-e21c9c4306f2','[ExclusiveGateway_1dhucev] needs of event [IntermediateThrowEvent_0ukb4bs]','138410a1-af38-40e3-a9ad-70e737e8e807','2b6cf385-5644-425e-b09b-801ffa84fa20','b3f9185d-81eb-4a82-ba6c-b385105d7e6d',0,'IntermediateThrowEvent_0ukb4bs'),('5ab6ef62-a503-4478-8a35-d23b9cc268a4','Verificar Documentação Necessária: documento de identidade com foto, certidão de estado civil (nascimento, casamento, averbação), Título de Eleitor, Comprovante de Votação da última eleição(ou justificativa, ou pagamento de multa, ou certificado de quitação eleitoral) dos dois turnos (se houver), documento de quitação de serviço militar (somente homens), Passaporte\r\nanterior (caso já tenho tido algum), CPF, autorização (menores de 18 anos).','03841a8e-8bb4-49ce-8e3a-c667b94f18e7','fa5c314e-c222-4609-b2b2-84124d546379','56f309e0-8f8f-436a-a17f-bc0062758db6',1,NULL),('5abc7071-b992-45a7-befb-a9d3d49b3aad','Separar Documentos','3fdf0112-9c3f-4472-b6fc-810dd4141576','8b63e0ca-e5b5-4bbe-8dce-b3bf4597279b','0398bdf4-bc79-42d6-8109-017b826b4b39',0,'Task_0db0wsp'),('5ced99bf-ead8-40d5-ad2c-d3337cf92d38','Comparecer ao Posto da PF Agendado','03841a8e-8bb4-49ce-8e3a-c667b94f18e7','8b63e0ca-e5b5-4bbe-8dce-b3bf4597279b','0398bdf4-bc79-42d6-8109-017b826b4b39',0,'Task_1fwyqvr'),('5d017724-efa7-4d19-a293-1c6d61ca3bbc','Comparecer ao Posto da PF: verificação de 6 dias sobre a chegada do passaporte.\r\n','03841a8e-8bb4-49ce-8e3a-c667b94f18e7','00a4833b-15ee-4101-a7bc-c7b1a30cdce2','b3f9185d-81eb-4a82-ba6c-b385105d7e6d',1,NULL),('5da96d20-93c2-47c5-bb10-fb9dda03ea8f','Documentos <---> Analisar Estudante de Rede Privada','138410a1-af38-40e3-a9ad-70e737e8e807','0654c398-db9b-4c5e-b0c9-c192f4a77c72','07ecefe5-eacc-40e7-b973-d91639a6e939',0,'DataInputAssociation_0h0kcyr'),('5ec0f29e-15d7-4969-8227-3467ba78ffc1','Verificar Resultado <---> Site do Prouni','138410a1-af38-40e3-a9ad-70e737e8e807','27abfc70-f0c6-49af-bedb-4da2b4c606bc','07ecefe5-eacc-40e7-b973-d91639a6e939',0,'DataOutputAssociation_0d3svoa'),('5ee16ad0-9aa8-4121-a608-118985b659ad','Conferir documentação: informação do perfil do solicitante.','03841a8e-8bb4-49ce-8e3a-c667b94f18e7','fa5c314e-c222-4609-b2b2-84124d546379','56f309e0-8f8f-436a-a17f-bc0062758db6',1,NULL),('5eec3923-9b35-41d7-a035-4bd6c4f1ba0b','Delegacia de Descoberta de Paradeiros (DDPA)','c6f363ab-bf96-4968-8400-a7a319789cc3','eba21687-60a7-4b3f-a5fc-68b51ea25729','143d0fd1-15eb-44a9-a098-588c6ea90196',0,'Lane_0g34sdj'),('5f55893d-9b04-479b-a7e4-3f8477aee4c4','Assinar Passaporte: passaporte.','03841a8e-8bb4-49ce-8e3a-c667b94f18e7','00a4833b-15ee-4101-a7bc-c7b1a30cdce2','b3f9185d-81eb-4a82-ba6c-b385105d7e6d',1,NULL),('5f8e5121-dae1-45b4-908e-52937eee2b38','Conferir Dados do Passaporte: ​protocolo de retirada do passaporte, passaporte.\r\n','03841a8e-8bb4-49ce-8e3a-c667b94f18e7','fa5c314e-c222-4609-b2b2-84124d546379','56f309e0-8f8f-436a-a17f-bc0062758db6',1,NULL),('6086f3bd-edab-4cf0-95ee-0b47deb60afa','[StartEvent_1cbwr7s] <---> [Task_196lh2o] ([])','4dfccc40-ff04-4cd4-9ab6-a7f87dcaa16f','c166912a-b093-4604-a2cf-3c503438c95b','07ecefe5-eacc-40e7-b973-d91639a6e939',0,'SequenceFlow_09lablz'),('61e77b27-1eef-48b7-a4c4-2da12beafe5f','[Cidadão Brasileiro] <---> [Cidadão Brasileiro] ([Conferir Dados do Passaporte])','03841a8e-8bb4-49ce-8e3a-c667b94f18e7','c166912a-b093-4604-a2cf-3c503438c95b','07ecefe5-eacc-40e7-b973-d91639a6e939',0,'SequenceFlow_1851vfk'),('6255db0b-a7f8-48bb-9048-785708d3f7ea','[Posto da PF] <---> [Cidadão Brasileiro] ([Recebimento de Passaporte])','03841a8e-8bb4-49ce-8e3a-c667b94f18e7','c166912a-b093-4604-a2cf-3c503438c95b','07ecefe5-eacc-40e7-b973-d91639a6e939',0,'SequenceFlow_17g1za0'),('626262e7-9b7a-4ec9-8fc4-92eb010a3752','Início do Período de Inscrição','138410a1-af38-40e3-a9ad-70e737e8e807','49cff4eb-0068-43be-a569-7af10491e475','a2b2192a-69b5-44ee-9ca0-0606aed1acce',0,'StartEvent_1wbf75j'),('62b983de-beb1-49e7-8389-e93a32d799ab','CAM <---> Ingressar como Recruta','3fdf0112-9c3f-4472-b6fc-810dd4141576','0654c398-db9b-4c5e-b0c9-c192f4a77c72','07ecefe5-eacc-40e7-b973-d91639a6e939',0,'DataInputAssociation_0qrx15n'),('62ff1775-2cb3-44e3-b75e-cd021787db3d','Pagar GRU: GRU','03841a8e-8bb4-49ce-8e3a-c667b94f18e7','00a4833b-15ee-4101-a7bc-c7b1a30cdce2','b3f9185d-81eb-4a82-ba6c-b385105d7e6d',1,NULL),('636df645-9cd0-4eea-a20f-5196ef832b28','Comparecer à Instituição','138410a1-af38-40e3-a9ad-70e737e8e807','8b63e0ca-e5b5-4bbe-8dce-b3bf4597279b','0398bdf4-bc79-42d6-8109-017b826b4b39',0,'Task_110v42a'),('63984ff7-27ae-4ff5-a82f-ff2353b59a78','Registrar RO <---> Registro de Ocorrência','c6f363ab-bf96-4968-8400-a7a319789cc3','27abfc70-f0c6-49af-bedb-4da2b4c606bc','07ecefe5-eacc-40e7-b973-d91639a6e939',0,'DataOutputAssociation_0zr2l9d'),('64378027-d54b-4a6c-ad2a-4a551676b5b2','Comparecer a Junta de Serviço Militar','3fdf0112-9c3f-4472-b6fc-810dd4141576','8b63e0ca-e5b5-4bbe-8dce-b3bf4597279b','0398bdf4-bc79-42d6-8109-017b826b4b39',0,'Task_1tb25qp'),('649fb2b2-2111-4c6f-bd10-f160c868946e','Selecionar Tipo de Bolsa','138410a1-af38-40e3-a9ad-70e737e8e807','8b63e0ca-e5b5-4bbe-8dce-b3bf4597279b','0398bdf4-bc79-42d6-8109-017b826b4b39',0,'Task_0rgu51n'),('6510d99e-4844-4af7-beba-a14168b49154','If [Avaliar o Caso] == [Caso de Desaparecimento] then [Colher Informações]','c6f363ab-bf96-4968-8400-a7a319789cc3','67b610bd-4d00-442e-828d-304008be22fc','b3f9185d-81eb-4a82-ba6c-b385105d7e6d',0,'ExclusiveGateway_0jbo8qp'),('65289f22-c51b-4922-8107-d0d8d0fcece7','Casa da Moeda (Rio de Janeiro) <---> Posto da PF','03841a8e-8bb4-49ce-8e3a-c667b94f18e7','20209769-e52b-4ad1-8239-9dfac4f2f467','07ecefe5-eacc-40e7-b973-d91639a6e939',0,'MessageFlow_1jm4xcd'),('65b91ac7-d849-4775-9f1c-81deb2f70483','[Quartel de Apresentação] <---> [Quartel de Apresentação] ([Aluno Ingressante])','3fdf0112-9c3f-4472-b6fc-810dd4141576','c166912a-b093-4604-a2cf-3c503438c95b','07ecefe5-eacc-40e7-b973-d91639a6e939',0,'SequenceFlow_1gi995w'),('68b7f256-a18e-489d-afcb-b1c73681ca24','[Retornar ao Quartel de Seleção] needs of event [Data e Hora Marcada]','3fdf0112-9c3f-4472-b6fc-810dd4141576','2b6cf385-5644-425e-b09b-801ffa84fa20','b3f9185d-81eb-4a82-ba6c-b385105d7e6d',0,'IntermediateThrowEvent_01dz3bx'),('68d25b41-9e14-459d-ab37-eedaa0963037','Condição para comparecimento ao posto da PF: O solicitante deverá comparecer ao posto de atendimento somente na data, horário e local especificado no agendamento.\r\n','03841a8e-8bb4-49ce-8e3a-c667b94f18e7','f4b0a66a-e026-4bc4-9a70-143ab210529c','b3f9185d-81eb-4a82-ba6c-b385105d7e6d',1,NULL),('6a3e2d1e-b090-4650-aeff-a49434a74c3f','If [Verificar Perfil de Estudante] == [SequenceFlow_0gtospd] then [Analisar Estudante de Rede Privada]','138410a1-af38-40e3-a9ad-70e737e8e807','67b610bd-4d00-442e-828d-304008be22fc','b3f9185d-81eb-4a82-ba6c-b385105d7e6d',0,'ExclusiveGateway_17oxobt'),('6a5c3dea-72b6-465a-8db6-9eb9e3cd7fac','Recruta Ingresante','3fdf0112-9c3f-4472-b6fc-810dd4141576','0281e8c1-2708-46ff-8fda-5b8a96aa3186','b10def87-95b3-4846-9c05-8efafe36b225',0,'EndEvent_1wepl0h'),('6ad0f016-7ed3-4154-ad1b-85b977908f35','Recebimento de Passaporte','03841a8e-8bb4-49ce-8e3a-c667b94f18e7','0281e8c1-2708-46ff-8fda-5b8a96aa3186','b10def87-95b3-4846-9c05-8efafe36b225',0,'IntermediateThrowEvent_1nc3544'),('6af79267-790a-4350-bece-434fd4f728fc','Nro. do ENEM','138410a1-af38-40e3-a9ad-70e737e8e807','70766c1f-ffc4-40f5-966d-a19447ce0701','aafd3f32-8209-4ea6-90db-41cc2294e50f',0,'DataObjectReference_01xzebw'),('6b4facbc-930c-4bd5-964c-7cd03d02b6b2','If [BoundaryEvent_1bdye0h] not in [Comparecer à Instituição] then [Entregar Documentos para Conferência]','138410a1-af38-40e3-a9ad-70e737e8e807','9d55bc14-097c-40b5-b9b5-b59f3888e573','b3f9185d-81eb-4a82-ba6c-b385105d7e6d',0,'BoundaryEvent_1bdye0h'),('6b747e16-c3c5-42e5-a320-d9fbf5b248e0','Acessar Site de Alistamento Militar','3fdf0112-9c3f-4472-b6fc-810dd4141576','8b63e0ca-e5b5-4bbe-8dce-b3bf4597279b','0398bdf4-bc79-42d6-8109-017b826b4b39',0,'Task_0oq187d'),('6d71d213-b71e-4c3d-9517-6531db6bd493','Ano que completa 18 anos','3fdf0112-9c3f-4472-b6fc-810dd4141576','49cff4eb-0068-43be-a569-7af10491e475','a2b2192a-69b5-44ee-9ca0-0606aed1acce',0,'StartEvent_0c48sgn'),('6eefe901-241d-463f-bedf-16de54d1cab8','[Posto da PF] <---> [Posto da PF] ([Encerrar Atendimento])','03841a8e-8bb4-49ce-8e3a-c667b94f18e7','c166912a-b093-4604-a2cf-3c503438c95b','07ecefe5-eacc-40e7-b973-d91639a6e939',0,'SequenceFlow_0gj8bhf'),('6ef0b042-43cd-4f32-abb2-64cfb91f3379','[Conscrito] <---> [Conscrito] ([Acessar Site de Alistamento Militar])','3fdf0112-9c3f-4472-b6fc-810dd4141576','c166912a-b093-4604-a2cf-3c503438c95b','07ecefe5-eacc-40e7-b973-d91639a6e939',0,'SequenceFlow_0t9yfzx'),('6f4deb63-0cf5-49ce-b942-53e567d195cf','[Quartel de Seleção] <---> [Quartel de Seleção] ([Solicitar Entrevista])','3fdf0112-9c3f-4472-b6fc-810dd4141576','c166912a-b093-4604-a2cf-3c503438c95b','07ecefe5-eacc-40e7-b973-d91639a6e939',0,'SequenceFlow_0gwy4gd'),('6fa7ef1e-aef8-4b3b-b26d-4a0a851dfeea','[Comparecer ao Posto da PF Agendado] needs of event [Data e Horário Agendado]','03841a8e-8bb4-49ce-8e3a-c667b94f18e7','2b6cf385-5644-425e-b09b-801ffa84fa20','b3f9185d-81eb-4a82-ba6c-b385105d7e6d',0,'IntermediateThrowEvent_0xc6p0u'),('704f9a16-4b89-4db3-9e9e-60e9117aa8ad','[Estudante] <---> [Estudante] ([Comparecer à Instituição])','138410a1-af38-40e3-a9ad-70e737e8e807','c166912a-b093-4604-a2cf-3c503438c95b','07ecefe5-eacc-40e7-b973-d91639a6e939',0,'SequenceFlow_0x8teo2'),('70f3541b-9de7-45f0-92a1-979795f69d5d','RO Enviado','c6f363ab-bf96-4968-8400-a7a319789cc3','0281e8c1-2708-46ff-8fda-5b8a96aa3186','b10def87-95b3-4846-9c05-8efafe36b225',0,'EndEvent_0gawpik'),('7143fc3b-e10b-443e-9a74-cc5c72e70706','Requerer Passaporte: documentos do solicitante, local de atendimento.','03841a8e-8bb4-49ce-8e3a-c667b94f18e7','00a4833b-15ee-4101-a7bc-c7b1a30cdce2','b3f9185d-81eb-4a82-ba6c-b385105d7e6d',1,NULL),('732dadfe-14ce-45c7-b532-e49f9933c220','Documentação','03841a8e-8bb4-49ce-8e3a-c667b94f18e7','70766c1f-ffc4-40f5-966d-a19447ce0701','aafd3f32-8209-4ea6-90db-41cc2294e50f',0,'DataObjectReference_0bj1pvw'),('73fef353-a144-4e1b-ac5c-0cc96ba719a4','Atendente do posto de atendimento.','03841a8e-8bb4-49ce-8e3a-c667b94f18e7','ad054701-fb8a-4c9c-850c-f2583f9df4a7','9d297fff-deaa-4497-a8cc-ad056a383e6d',1,NULL),('7407ca34-1b20-4c63-bf70-34e24f13ae28','Verificar Documentação Necessária: ​informação sobre a documentação necessária.','03841a8e-8bb4-49ce-8e3a-c667b94f18e7','00a4833b-15ee-4101-a7bc-c7b1a30cdce2','b3f9185d-81eb-4a82-ba6c-b385105d7e6d',1,NULL),('74ca12a5-03a0-4733-b1a0-09a8fb8a0ef8','[Quartel de Seleção] <---> [Quartel de Seleção] ([Realizar Exame Psicológico])','3fdf0112-9c3f-4472-b6fc-810dd4141576','c166912a-b093-4604-a2cf-3c503438c95b','07ecefe5-eacc-40e7-b973-d91639a6e939',0,'SequenceFlow_1bp0yg0'),('75c78831-3a1e-4e28-9cb2-ea30032a7590','Condição para Agendar Atendimento: O atendimento só é agendado após o pagamento da GRU (R$ 257,25) e dentro de um prazo de 72h após tal pagamento.\r\n','03841a8e-8bb4-49ce-8e3a-c667b94f18e7','f4b0a66a-e026-4bc4-9a70-143ab210529c','b3f9185d-81eb-4a82-ba6c-b385105d7e6d',1,NULL),('761381c1-8640-4e94-8014-5801fbc5b25b','Termo de Concentimento de Bolsa <---> Receber Termo de Concedimento de Bolsa ','138410a1-af38-40e3-a9ad-70e737e8e807','0654c398-db9b-4c5e-b0c9-c192f4a77c72','07ecefe5-eacc-40e7-b973-d91639a6e939',0,'DataInputAssociation_0uqtzce'),('761c57a1-2fd6-4ba5-8836-96d1bf212586','[Estudante] <---> [Estudante] ([Encerramento da Solicitação])','138410a1-af38-40e3-a9ad-70e737e8e807','c166912a-b093-4604-a2cf-3c503438c95b','07ecefe5-eacc-40e7-b973-d91639a6e939',0,'SequenceFlow_1qj86ov'),('76c835b4-d43c-4109-acc5-846e9a9520fc','Realizar Exame Médico','3fdf0112-9c3f-4472-b6fc-810dd4141576','8b63e0ca-e5b5-4bbe-8dce-b3bf4597279b','0398bdf4-bc79-42d6-8109-017b826b4b39',0,'Task_1v3zxmu'),('76da8a28-d082-48a2-bee8-b0797f0080d9','[Cidadão Brasileiro] <---> [Cidadão Brasileiro] ([Verificar Documentação Necessária])','03841a8e-8bb4-49ce-8e3a-c667b94f18e7','c166912a-b093-4604-a2cf-3c503438c95b','07ecefe5-eacc-40e7-b973-d91639a6e939',0,'SequenceFlow_0cvf0ce'),('76f5e437-3a2b-4f94-9391-37ef23b486e5','Requerer Passaporte: protocolo de requisição, GRU (R$ 257,25).','03841a8e-8bb4-49ce-8e3a-c667b94f18e7','fa5c314e-c222-4609-b2b2-84124d546379','56f309e0-8f8f-436a-a17f-bc0062758db6',1,NULL),('791f7cf6-c342-4e05-b850-d4f4d4ec6c88','Quartel de Apresentação','3fdf0112-9c3f-4472-b6fc-810dd4141576','eba21687-60a7-4b3f-a5fc-68b51ea25729','143d0fd1-15eb-44a9-a098-588c6ea90196',0,'Lane_0je9uup'),('79878249-a318-4cb4-b538-a038f70cf10d','Nro. do ENEM <---> Verificar ENEM','138410a1-af38-40e3-a9ad-70e737e8e807','0654c398-db9b-4c5e-b0c9-c192f4a77c72','07ecefe5-eacc-40e7-b973-d91639a6e939',0,'DataInputAssociation_0q6zss1'),('79d6b065-78ce-445e-8207-22c6ae412237','Comprovante de Solicitação <---> Enviar Solicitação','138410a1-af38-40e3-a9ad-70e737e8e807','0654c398-db9b-4c5e-b0c9-c192f4a77c72','07ecefe5-eacc-40e7-b973-d91639a6e939',0,'DataInputAssociation_01axnej'),('7a3614d9-91d5-466c-b1f7-eb4bc585b231','Ano que completa 18 anos > Acessar Site de Alistamento Militar > Selecionar situação de Alistamento > Cadastrar Alistamento Militar > Selecionar Junta Militar > Separar Documentos > Comparecer a Junta de Serviço Militar > Emitir CAM > Data e Hora Especificada > Comparecer ao Quartel de Seleção > Entregar Documentos > Realizar Exame Médico > ExclusiveGateway_0l74yyv (ápto) > Realizar Exame Psicológico > ExclusiveGateway_10jg12p (ápto) > Solicitar Entrevista > Data e Hora Marcada > Retornar ao Quartel de Seleção > Realizar Entrevista > ExclusiveGateway_0h4pk7k (ápto) > Designar Conscrito > ExclusiveGateway_17rb3f2 (CPOR / NPOR) > Avaliar CPOR/NPOR > ExclusiveGateway_199nry7 (Aprovado) > Ingressar como Aluno CPOR/NPOR > Aluno Ingressante','3fdf0112-9c3f-4472-b6fc-810dd4141576','80c9886f-35d5-4304-9a4f-0b257faf2e1a','bd655881-0d4b-460b-9fbd-ea577d3aa417',0,'Process_Alistamento'),('7a8abeb9-e959-4609-bf79-454c23ad52a1','Ano que completa 18 anos > Acessar Site de Alistamento Militar > Selecionar situação de Alistamento > Cadastrar Alistamento Militar > Selecionar Junta Militar > Separar Documentos > Comparecer a Junta de Serviço Militar > Emitir CAM > Data e Hora Especificada > Comparecer ao Quartel de Seleção > Entregar Documentos > Realizar Exame Médico > ExclusiveGateway_0l74yyv (ápto) > Realizar Exame Psicológico > ExclusiveGateway_10jg12p (ápto) > Solicitar Entrevista > Data e Hora Marcada > Retornar ao Quartel de Seleção > Realizar Entrevista > ExclusiveGateway_0h4pk7k (ápto) > Designar Conscrito > ExclusiveGateway_17rb3f2 (CPOR / NPOR) > Avaliar CPOR/NPOR > ExclusiveGateway_199nry7 (Reprovado) > Designar Quartel > ExclusiveGateway_1e7wtvb (apresentar) > Ingressar como Recruta > Recruta Ingresante','3fdf0112-9c3f-4472-b6fc-810dd4141576','80c9886f-35d5-4304-9a4f-0b257faf2e1a','bd655881-0d4b-460b-9fbd-ea577d3aa417',0,'Process_Alistamento'),('7ba8562b-5aeb-4244-8cb5-f60e74b85c93','Entregar Documentos','3fdf0112-9c3f-4472-b6fc-810dd4141576','8b63e0ca-e5b5-4bbe-8dce-b3bf4597279b','0398bdf4-bc79-42d6-8109-017b826b4b39',0,'Task_0jbt81t'),('7d4a8c7a-b114-4697-a957-685fe6a1375b','Separar Documentação','03841a8e-8bb4-49ce-8e3a-c667b94f18e7','8b63e0ca-e5b5-4bbe-8dce-b3bf4597279b','0398bdf4-bc79-42d6-8109-017b826b4b39',0,'Task_1o6qyko'),('7ea52cf8-bed7-4ac4-ab63-99444dd54b6f','Avaliar CPOR/NPOR','3fdf0112-9c3f-4472-b6fc-810dd4141576','8b63e0ca-e5b5-4bbe-8dce-b3bf4597279b','0398bdf4-bc79-42d6-8109-017b826b4b39',0,'Task_0h4u9yo'),('7eca3ecc-ffc0-4679-b995-094455781fab','If [Realizar Entrevista] == [inápto] then [Dispensar Conscritro]','3fdf0112-9c3f-4472-b6fc-810dd4141576','67b610bd-4d00-442e-828d-304008be22fc','b3f9185d-81eb-4a82-ba6c-b385105d7e6d',0,'ExclusiveGateway_0h4pk7k'),('7f0802d5-4fa9-428a-ac75-ed16d6f40572','Conscrito','3fdf0112-9c3f-4472-b6fc-810dd4141576','eba21687-60a7-4b3f-a5fc-68b51ea25729','143d0fd1-15eb-44a9-a098-588c6ea90196',0,'Lane_0w55380'),('7f22f5bd-8c59-4754-a2e4-6451b536dba9','SINPA','03841a8e-8bb4-49ce-8e3a-c667b94f18e7','5f1937b4-5c2c-457c-b661-e5de6ecbddf7','aafd3f32-8209-4ea6-90db-41cc2294e50f',0,'DataStoreReference_0las47e'),('7f88687d-d359-495f-8872-62e7bc4620b2','Documento de Solicitação (Carimbo CAM)','3fdf0112-9c3f-4472-b6fc-810dd4141576','70766c1f-ffc4-40f5-966d-a19447ce0701','aafd3f32-8209-4ea6-90db-41cc2294e50f',0,'DataObjectReference_0pr4r0j'),('7ff89c31-0d0d-4e76-9804-bb3f47bec759','Regra para análise de documentação: O posto da PF deverá conferir toda a documentação para emissão do passaporte, juntamente com o guia GRU paga.','03841a8e-8bb4-49ce-8e3a-c667b94f18e7','f4b0a66a-e026-4bc4-9a70-143ab210529c','b3f9185d-81eb-4a82-ba6c-b385105d7e6d',1,NULL),('8187971e-c4ae-4eba-90e6-2adf5edc30b7','[Cidadão Brasileiro] <---> [Cidadão Brasileiro] ([Requerer Passaporte])','03841a8e-8bb4-49ce-8e3a-c667b94f18e7','c166912a-b093-4604-a2cf-3c503438c95b','07ecefe5-eacc-40e7-b973-d91639a6e939',0,'SequenceFlow_1wxfjb4'),('8196b7e0-dfa8-4795-8d2a-72c54998065b','Comprovante de Solicitação','138410a1-af38-40e3-a9ad-70e737e8e807','70766c1f-ffc4-40f5-966d-a19447ce0701','aafd3f32-8209-4ea6-90db-41cc2294e50f',0,'DataObjectReference_0or5lyb'),('82e06ac6-ba13-4f45-8b5c-a44e4782a433','[Cidadão Brasileiro] <---> [Posto da PF] ([Corrigir Passaporte])','03841a8e-8bb4-49ce-8e3a-c667b94f18e7','c166912a-b093-4604-a2cf-3c503438c95b','07ecefe5-eacc-40e7-b973-d91639a6e939',0,'SequenceFlow_1idky03'),('853c030a-455b-400b-be15-34884eb1822d','Notificação de Desaparecimento Recebida > Acolher Pessoa > Avaliar o Caso > ExclusiveGateway_0jbo8qp (Outro Tipo de Caso) > Registrar Fato Atípico > Encerrar Atendimento > Atendimento Encerrado','c6f363ab-bf96-4968-8400-a7a319789cc3','80c9886f-35d5-4304-9a4f-0b257faf2e1a','bd655881-0d4b-460b-9fbd-ea577d3aa417',0,'Process_PM2GDTool'),('853dd2a5-dd3c-4cbf-bbb9-4477fe1c4c4b','[Estudante] <---> [Estudante] ([Separar Documentação])','138410a1-af38-40e3-a9ad-70e737e8e807','c166912a-b093-4604-a2cf-3c503438c95b','07ecefe5-eacc-40e7-b973-d91639a6e939',0,'SequenceFlow_16vjwnh'),('85a02f2c-7cae-4a21-8295-170912ceaa2b','Agendar Atendimento <---> SINPA','03841a8e-8bb4-49ce-8e3a-c667b94f18e7','27abfc70-f0c6-49af-bedb-4da2b4c606bc','07ecefe5-eacc-40e7-b973-d91639a6e939',0,'DataOutputAssociation_0jcoolk'),('88369520-ccb8-4934-937c-7c39eb498bd2','Documentos','138410a1-af38-40e3-a9ad-70e737e8e807','70766c1f-ffc4-40f5-966d-a19447ce0701','aafd3f32-8209-4ea6-90db-41cc2294e50f',0,'DataObjectReference_0xl19fc'),('89d2d249-c913-4569-902a-eb83aed1bb7b','Aluno Ingressante','3fdf0112-9c3f-4472-b6fc-810dd4141576','0281e8c1-2708-46ff-8fda-5b8a96aa3186','b10def87-95b3-4846-9c05-8efafe36b225',0,'EndEvent_1f6eyf2'),('89e13537-6f06-46d9-8db7-f47fb487343d','Entregar Documentos para Conferência','138410a1-af38-40e3-a9ad-70e737e8e807','8b63e0ca-e5b5-4bbe-8dce-b3bf4597279b','0398bdf4-bc79-42d6-8109-017b826b4b39',0,'Task_0hg1ut3'),('8a9d769e-6c11-4efc-93e9-825901986869','If [Verificar ENEM] == [Não cumpre os requisitos] then [Encerrar Solicitação]','138410a1-af38-40e3-a9ad-70e737e8e807','67b610bd-4d00-442e-828d-304008be22fc','b3f9185d-81eb-4a82-ba6c-b385105d7e6d',0,'ExclusiveGateway_1ume95p'),('8b2be22a-15c2-404e-8804-2325a6cb4183','If [BoundaryEvent_1wh8acg] not in [Comparecer ao Posto da PF] then [Conferir Dados do Passaporte]','03841a8e-8bb4-49ce-8e3a-c667b94f18e7','9d55bc14-097c-40b5-b9b5-b59f3888e573','b3f9185d-81eb-4a82-ba6c-b385105d7e6d',0,'BoundaryEvent_1wh8acg'),('8b7621cb-d9b3-491c-ad19-75a257b1e8ed','If [Analisar Estudante Com Necessidades Especiais] == [Cumpre os requisitos] then [Preencher Solicitação]','138410a1-af38-40e3-a9ad-70e737e8e807','67b610bd-4d00-442e-828d-304008be22fc','b3f9185d-81eb-4a82-ba6c-b385105d7e6d',0,'ExclusiveGateway_1n5ivct'),('8bf8351d-6159-4f9f-b84c-a0bd96df4dd8','Enviar Solicitação <---> Sistema do Prouni','138410a1-af38-40e3-a9ad-70e737e8e807','27abfc70-f0c6-49af-bedb-4da2b4c606bc','07ecefe5-eacc-40e7-b973-d91639a6e939',0,'DataOutputAssociation_0m6r8yn'),('8f05b978-9103-409a-864f-79dd5db63213','If [Passado 90 dias] in [Comparecer ao Posto da PF] then [Cancelar Passaporte]','03841a8e-8bb4-49ce-8e3a-c667b94f18e7','9d55bc14-097c-40b5-b9b5-b59f3888e573','b3f9185d-81eb-4a82-ba6c-b385105d7e6d',0,'BoundaryEvent_1wh8acg'),('8fb6c48f-91c5-47a0-aa4d-b39a382dee47','O objetivo principal do processo de solicitação de passaporte é possibilitar que todo o cidadão brasileiro possa obter o documento de viagem internacional de maneira mais rápida e eficiente o possível.','03841a8e-8bb4-49ce-8e3a-c667b94f18e7','ebecebda-039a-467f-be2c-afa9020006be','80dfa79c-b385-43f1-a2a4-6d8039b12b69',1,NULL),('9001fb1f-8b37-42d6-b33c-55afd8c69548','Instituição Privada <---> Estudante','138410a1-af38-40e3-a9ad-70e737e8e807','20209769-e52b-4ad1-8239-9dfac4f2f467','07ecefe5-eacc-40e7-b973-d91639a6e939',0,'MessageFlow_1ct84nw'),('91b3eeb6-7adf-4ee5-95b3-0c1623c4d315','If [Analisar Estudante de Rede Publica] == [Cumpre os requisitos] then [Preencher Solicitação]','138410a1-af38-40e3-a9ad-70e737e8e807','67b610bd-4d00-442e-828d-304008be22fc','b3f9185d-81eb-4a82-ba6c-b385105d7e6d',0,'ExclusiveGateway_1n5ivct'),('92c35299-4047-49b4-9a78-32394f7d98d9','Como conseguir o passaporte brasileiro de maneira mais rápida e eficiente possível.','03841a8e-8bb4-49ce-8e3a-c667b94f18e7','54f1e7c4-5a27-4bd8-bb64-89cbf38ef33e','2047a756-2f40-4c4c-8a0c-722509cae42f',1,NULL),('92ea72ee-c7c9-4975-be19-e0a9aac601c5','Verificar Resultado','138410a1-af38-40e3-a9ad-70e737e8e807','8b63e0ca-e5b5-4bbe-8dce-b3bf4597279b','0398bdf4-bc79-42d6-8109-017b826b4b39',0,'Task_1w6cf6a'),('939c90ca-e28b-418e-9db4-54ce66c2648e','Residência, cidade e repartição pública.','03841a8e-8bb4-49ce-8e3a-c667b94f18e7','dd905def-db9d-46f0-87b0-8561d06622ca','fdd6f089-28ff-4beb-8c97-bc7372e4566b',1,NULL),('946635b6-ab88-4384-8db8-58a0bef0743f','[Cidadão Brasileiro] <---> [Posto da PF] ([Cancelar Passaporte])','03841a8e-8bb4-49ce-8e3a-c667b94f18e7','c166912a-b093-4604-a2cf-3c503438c95b','07ecefe5-eacc-40e7-b973-d91639a6e939',0,'SequenceFlow_1avg06t'),('94af4bd1-41a1-4376-a746-4d6c2490e719','Assinar Passaporte: passaporte assinado.','03841a8e-8bb4-49ce-8e3a-c667b94f18e7','fa5c314e-c222-4609-b2b2-84124d546379','56f309e0-8f8f-436a-a17f-bc0062758db6',1,NULL),('959798b7-525d-41f3-892c-78b81b4b99ac','Cidadão Brasileiro','03841a8e-8bb4-49ce-8e3a-c667b94f18e7','f86a1712-0d78-4482-be1b-69820e57ab06','1e3a7065-d94a-4fc7-a608-1842f313c5ec',1,NULL),('963cfaba-067a-4869-b496-c8a2301a65d0','Atendimento Encerrado','03841a8e-8bb4-49ce-8e3a-c667b94f18e7','6a1837b8-99d5-4795-90a1-2ac252955632','ddeabd7a-2e66-4cf0-94b1-b10697094e9b',0,'EndEvent_1q8agk7'),('976aff5c-cd0a-4a5b-b92d-b8f1c7f724e6','Agendar Atendimento','03841a8e-8bb4-49ce-8e3a-c667b94f18e7','8b63e0ca-e5b5-4bbe-8dce-b3bf4597279b','0398bdf4-bc79-42d6-8109-017b826b4b39',0,'Task_1b6njix'),('97cb5502-4621-4c20-a72d-4fea493d542d','[Delegacia de Descoberta de Paradeiros (DDPA)] <---> [Delegacia de Descoberta de Paradeiros (DDPA)] ([Registrar Fato Atípico])','c6f363ab-bf96-4968-8400-a7a319789cc3','c166912a-b093-4604-a2cf-3c503438c95b','07ecefe5-eacc-40e7-b973-d91639a6e939',0,'SequenceFlow_0fx91u1'),('981a036e-5e7a-4336-9263-1311b6e2de81','Requerer Passaporte <---> Documentação','03841a8e-8bb4-49ce-8e3a-c667b94f18e7','27abfc70-f0c6-49af-bedb-4da2b4c606bc','07ecefe5-eacc-40e7-b973-d91639a6e939',0,'DataOutputAssociation_0sc4b84'),('98765537-cfae-4c31-8c16-ad73f521336e','Estudante','138410a1-af38-40e3-a9ad-70e737e8e807','eba21687-60a7-4b3f-a5fc-68b51ea25729','143d0fd1-15eb-44a9-a098-588c6ea90196',0,'Lane_1qiuu2h'),('98df99fa-b23f-4be8-adec-bd765f3ecfbc','[Cidadão Brasileiro] <---> [Posto da PF] ([Entregar Passaporte])','03841a8e-8bb4-49ce-8e3a-c667b94f18e7','c166912a-b093-4604-a2cf-3c503438c95b','07ecefe5-eacc-40e7-b973-d91639a6e939',0,'SequenceFlow_03dmjbu'),('98e596d5-a222-4b59-b06e-a66e95cd29f5','[Estudante] <---> [Estudante] ([Recebimento de Bolsa do Prouni])','138410a1-af38-40e3-a9ad-70e737e8e807','c166912a-b093-4604-a2cf-3c503438c95b','07ecefe5-eacc-40e7-b973-d91639a6e939',0,'SequenceFlow_1tst8i3'),('9926f0ca-934b-4172-9f9d-24878d1da734','[Delegacia de Descoberta de Paradeiros (DDPA)] <---> [Delegacia de Descoberta de Paradeiros (DDPA)] ([Encerrar Atendimento])','c6f363ab-bf96-4968-8400-a7a319789cc3','c166912a-b093-4604-a2cf-3c503438c95b','07ecefe5-eacc-40e7-b973-d91639a6e939',0,'SequenceFlow_1aafogz'),('9a000f35-ac60-4e57-b968-057036daafab','[Analisar Resultado da Conferência] needs of event [IntermediateThrowEvent_1so6630]','138410a1-af38-40e3-a9ad-70e737e8e807','2b6cf385-5644-425e-b09b-801ffa84fa20','b3f9185d-81eb-4a82-ba6c-b385105d7e6d',0,'IntermediateThrowEvent_1so6630'),('9a8d6ec1-e36d-4619-8009-49e1389b0509','Ingressar como Recruta','3fdf0112-9c3f-4472-b6fc-810dd4141576','8b63e0ca-e5b5-4bbe-8dce-b3bf4597279b','0398bdf4-bc79-42d6-8109-017b826b4b39',0,'Task_0seupm5'),('9afb3415-8abe-4add-877a-c9ecd5c5d82a','[Task_196lh2o] <---> [Evento 1] ([Evento 1])','4dfccc40-ff04-4cd4-9ab6-a7f87dcaa16f','c166912a-b093-4604-a2cf-3c503438c95b','07ecefe5-eacc-40e7-b973-d91639a6e939',0,'SequenceFlow_0gjiwgh'),('9afc8450-2126-4e31-8437-dcd5d2c21263','Registrar RO <---> ROWEB','c6f363ab-bf96-4968-8400-a7a319789cc3','27abfc70-f0c6-49af-bedb-4da2b4c606bc','07ecefe5-eacc-40e7-b973-d91639a6e939',0,'DataOutputAssociation_1be288h'),('9cc76f81-3cb5-43c6-b923-812bf4cdda8b','Documento de Avaliação (CAM) <---> Avaliar CPOR/NPOR','3fdf0112-9c3f-4472-b6fc-810dd4141576','0654c398-db9b-4c5e-b0c9-c192f4a77c72','07ecefe5-eacc-40e7-b973-d91639a6e939',0,'DataInputAssociation_1ut6pg2'),('9db7147c-6e60-4ca2-be7c-93b17a763822','[Cidadão Brasileiro] <---> [Cidadão Brasileiro] ([Agendar Atendimento])','03841a8e-8bb4-49ce-8e3a-c667b94f18e7','c166912a-b093-4604-a2cf-3c503438c95b','07ecefe5-eacc-40e7-b973-d91639a6e939',0,'SequenceFlow_13q3src'),('9e01c90b-1431-458b-a933-8f2e976c7400','Selecionar situação de Alistamento','3fdf0112-9c3f-4472-b6fc-810dd4141576','8b63e0ca-e5b5-4bbe-8dce-b3bf4597279b','0398bdf4-bc79-42d6-8109-017b826b4b39',0,'Task_08weeyt'),('9f297b38-25ae-419a-b11c-84aaff7e2f26','Selecionar Instituição <---> Sistema do Prouni','138410a1-af38-40e3-a9ad-70e737e8e807','27abfc70-f0c6-49af-bedb-4da2b4c606bc','07ecefe5-eacc-40e7-b973-d91639a6e939',0,'DataOutputAssociation_05pntxs'),('9f865206-0c6b-4c10-9e83-ecd7fe5e8dee','If [Conferir Dados do Passaporte] == [Correto] then [Assinar Passaporte]','03841a8e-8bb4-49ce-8e3a-c667b94f18e7','67b610bd-4d00-442e-828d-304008be22fc','b3f9185d-81eb-4a82-ba6c-b385105d7e6d',0,'ExclusiveGateway_1lrg01t'),('a000cb07-e02e-469b-b1ea-574b037a8472','Instituição Privada','138410a1-af38-40e3-a9ad-70e737e8e807','1a568657-dacc-4399-8989-a01cb3087a69','143d0fd1-15eb-44a9-a098-588c6ea90196',0,'Participant_1grqxor'),('a04724b5-ff3c-4586-9a6e-3b0be988987d','Enviar Solicitação','138410a1-af38-40e3-a9ad-70e737e8e807','8b63e0ca-e5b5-4bbe-8dce-b3bf4597279b','0398bdf4-bc79-42d6-8109-017b826b4b39',0,'Task_0zjz6lm'),('a05b67f0-0322-4085-b3eb-e3b1c33159d4','Documentos','138410a1-af38-40e3-a9ad-70e737e8e807','70766c1f-ffc4-40f5-966d-a19447ce0701','aafd3f32-8209-4ea6-90db-41cc2294e50f',0,'DataObjectReference_0wbhbl7'),('a3982214-1cf9-4bc9-92f2-861d3df04715','Comparecer ao Posto da PF','03841a8e-8bb4-49ce-8e3a-c667b94f18e7','8b63e0ca-e5b5-4bbe-8dce-b3bf4597279b','0398bdf4-bc79-42d6-8109-017b826b4b39',0,'Task_1saduw2'),('a3d1ba00-a8d4-4fab-87f6-9824a899ab63','Protocolo de Antendimento','03841a8e-8bb4-49ce-8e3a-c667b94f18e7','70766c1f-ffc4-40f5-966d-a19447ce0701','aafd3f32-8209-4ea6-90db-41cc2294e50f',0,'DataObjectReference_0jn5kpo'),('a3e09ad2-3a15-45c1-b477-8e8b4330beb6','[Conscrito] <---> [Conscrito] ([Selecionar Junta Militar])','3fdf0112-9c3f-4472-b6fc-810dd4141576','c166912a-b093-4604-a2cf-3c503438c95b','07ecefe5-eacc-40e7-b973-d91639a6e939',0,'SequenceFlow_16p8p34'),('a3ec16f8-c72f-4d66-b85c-c4f339306def','If [Designar Quartel] == [dispensar] then [Dispensar Conscritro]','3fdf0112-9c3f-4472-b6fc-810dd4141576','67b610bd-4d00-442e-828d-304008be22fc','b3f9185d-81eb-4a82-ba6c-b385105d7e6d',0,'ExclusiveGateway_1e7wtvb'),('a459bc93-0b1d-4ae1-be2b-d0e49e348759','[Delegacia de Descoberta de Paradeiros (DDPA)] <---> [Delegacia de Descoberta de Paradeiros (DDPA)] ([Atendimento Encerrado])','c6f363ab-bf96-4968-8400-a7a319789cc3','c166912a-b093-4604-a2cf-3c503438c95b','07ecefe5-eacc-40e7-b973-d91639a6e939',0,'SequenceFlow_0f7ckg5'),('a5347a28-7a7a-448f-8f96-f144a66b3892','StartEvent_1cbwr7s','4dfccc40-ff04-4cd4-9ab6-a7f87dcaa16f','49cff4eb-0068-43be-a569-7af10491e475','a2b2192a-69b5-44ee-9ca0-0606aed1acce',0,'StartEvent_1cbwr7s'),('a559eb96-b7d1-474b-be05-5bf8beade02c','[Cidadão Brasileiro] <---> [Cidadão Brasileiro] ([Assinar Passaporte])','03841a8e-8bb4-49ce-8e3a-c667b94f18e7','c166912a-b093-4604-a2cf-3c503438c95b','07ecefe5-eacc-40e7-b973-d91639a6e939',0,'SequenceFlow_1idky03'),('a5ebd305-2b23-4781-83a4-c0911fa48a8f','Certificado de Reservista <---> Receber Certificado de Reservista','3fdf0112-9c3f-4472-b6fc-810dd4141576','0654c398-db9b-4c5e-b0c9-c192f4a77c72','07ecefe5-eacc-40e7-b973-d91639a6e939',0,'DataInputAssociation_1kra3xd'),('a60ba8bc-7d62-40f4-8a75-7cd2566310fc','Cancelar Passaporte','03841a8e-8bb4-49ce-8e3a-c667b94f18e7','8b63e0ca-e5b5-4bbe-8dce-b3bf4597279b','0398bdf4-bc79-42d6-8109-017b826b4b39',0,'Task_057rpd6'),('a7ada608-1c90-4c22-9664-06ab6e056cc3','Avaliar o Caso','c6f363ab-bf96-4968-8400-a7a319789cc3','8b63e0ca-e5b5-4bbe-8dce-b3bf4597279b','0398bdf4-bc79-42d6-8109-017b826b4b39',0,'Task_09b75js'),('a8dc9d1d-45f4-43c0-a238-bd737d976168','Encerramento de Solicitação','138410a1-af38-40e3-a9ad-70e737e8e807','6a1837b8-99d5-4795-90a1-2ac252955632','ddeabd7a-2e66-4cf0-94b1-b10697094e9b',0,'EndEvent_1aib3z9'),('a9fb9cae-33d9-4acc-a640-c899918d0867','[Estudante] <---> [Estudante] ([Verificar Perfil de Estudante])','138410a1-af38-40e3-a9ad-70e737e8e807','c166912a-b093-4604-a2cf-3c503438c95b','07ecefe5-eacc-40e7-b973-d91639a6e939',0,'SequenceFlow_0gjewua'),('aa95c55b-9718-4817-965a-eeed6d06d0cf','Atendimento Encerrado','03841a8e-8bb4-49ce-8e3a-c667b94f18e7','0281e8c1-2708-46ff-8fda-5b8a96aa3186','b10def87-95b3-4846-9c05-8efafe36b225',0,'EndEvent_1q8agk7'),('ab4934a5-2670-4909-ac9a-a0429721fde2','Documentos <---> Analisar Estudante de Rede Publica','138410a1-af38-40e3-a9ad-70e737e8e807','0654c398-db9b-4c5e-b0c9-c192f4a77c72','07ecefe5-eacc-40e7-b973-d91639a6e939',0,'DataInputAssociation_0rwk8i4'),('ab4a4795-3ae4-4bd4-a9ff-073f041f808a','If [BoundaryEvent_0hfqbxj] not in [Verificar Resultado] then [Verificar Resultado]','138410a1-af38-40e3-a9ad-70e737e8e807','9d55bc14-097c-40b5-b9b5-b59f3888e573','b3f9185d-81eb-4a82-ba6c-b385105d7e6d',0,'BoundaryEvent_0hfqbxj'),('ab8cdca4-564a-4a2e-8da7-e5d95e4538e5','Documentos','c6f363ab-bf96-4968-8400-a7a319789cc3','70766c1f-ffc4-40f5-966d-a19447ce0701','aafd3f32-8209-4ea6-90db-41cc2294e50f',0,'DataObjectReference_1sdzcqt'),('aba7c4f5-09cc-4b55-8f3e-49894c2282a3','If [Conferir Dados do Passaporte] == [Incorreto] then [Corrigir Passaporte]','03841a8e-8bb4-49ce-8e3a-c667b94f18e7','67b610bd-4d00-442e-828d-304008be22fc','b3f9185d-81eb-4a82-ba6c-b385105d7e6d',0,'ExclusiveGateway_1lrg01t'),('ac14c65f-19cb-4d75-a955-1fbb5ac8471e','Estudante <---> Instituição Privada','138410a1-af38-40e3-a9ad-70e737e8e807','20209769-e52b-4ad1-8239-9dfac4f2f467','07ecefe5-eacc-40e7-b973-d91639a6e939',0,'MessageFlow_1ap1kw8'),('acae9038-8836-44a0-96c6-06b6a5107a45','Documento de Solicitação (Carimbo CAM) <---> Solicitar Entrevista','3fdf0112-9c3f-4472-b6fc-810dd4141576','0654c398-db9b-4c5e-b0c9-c192f4a77c72','07ecefe5-eacc-40e7-b973-d91639a6e939',0,'DataInputAssociation_1prw9t4'),('ad0924f4-b595-475a-b750-bfd1f3349f5a','Documentos <---> Analisar Estudante Com Necessidades Especiais','138410a1-af38-40e3-a9ad-70e737e8e807','0654c398-db9b-4c5e-b0c9-c192f4a77c72','07ecefe5-eacc-40e7-b973-d91639a6e939',0,'DataInputAssociation_0nv1gty'),('ad20330f-baa8-4c9d-b891-e310cec487fd','Conferir documentação: documentação do solicitante, GRU paga e protocolo de agendamento.\r\n','03841a8e-8bb4-49ce-8e3a-c667b94f18e7','00a4833b-15ee-4101-a7bc-c7b1a30cdce2','b3f9185d-81eb-4a82-ba6c-b385105d7e6d',1,NULL),('ad20c8a5-9410-4fce-9996-7a54c5a91352','[Conscrito] <---> [Conscrito] ([Selecionar situação de Alistamento])','3fdf0112-9c3f-4472-b6fc-810dd4141576','c166912a-b093-4604-a2cf-3c503438c95b','07ecefe5-eacc-40e7-b973-d91639a6e939',0,'SequenceFlow_18lvdqy'),('ad2e0ec5-958f-4a37-b91c-b1e90b48f7be','Coletar Biometria: ​informações de passaporte.','03841a8e-8bb4-49ce-8e3a-c667b94f18e7','fa5c314e-c222-4609-b2b2-84124d546379','56f309e0-8f8f-436a-a17f-bc0062758db6',1,NULL),('ad6d1911-f759-4da7-935c-1f6c6879cc22','Analisar Estudante de Rede Privada','138410a1-af38-40e3-a9ad-70e737e8e807','8b63e0ca-e5b5-4bbe-8dce-b3bf4597279b','0398bdf4-bc79-42d6-8109-017b826b4b39',0,'Task_0gdwb74'),('b04043b5-0dda-444d-8ece-56263471bf35','If [BoundaryEvent_0hfqbxj] not in [Verificar Resultado] then [Comparecer à Instituição]','138410a1-af38-40e3-a9ad-70e737e8e807','9d55bc14-097c-40b5-b9b5-b59f3888e573','b3f9185d-81eb-4a82-ba6c-b385105d7e6d',0,'BoundaryEvent_0hfqbxj'),('b0a65e87-0f29-406e-b807-be0a4cbc96ca','Enviar RO <---> ROWEB','c6f363ab-bf96-4968-8400-a7a319789cc3','27abfc70-f0c6-49af-bedb-4da2b4c606bc','07ecefe5-eacc-40e7-b973-d91639a6e939',0,'DataOutputAssociation_0wramjf'),('b0ad06c7-a1e7-4a0a-bcf6-690fd51c7367','Emitir Protocolo de Retirada','03841a8e-8bb4-49ce-8e3a-c667b94f18e7','8b63e0ca-e5b5-4bbe-8dce-b3bf4597279b','0398bdf4-bc79-42d6-8109-017b826b4b39',0,'Task_0vns16u'),('b1618689-7a16-40c9-9c44-bda913e0ecb1','Verificar ENEM','138410a1-af38-40e3-a9ad-70e737e8e807','8b63e0ca-e5b5-4bbe-8dce-b3bf4597279b','0398bdf4-bc79-42d6-8109-017b826b4b39',0,'Task_1g4fx1k'),('b33026fe-992c-4d7d-8f39-55c6c13bcb8a','If [Avaliar CPOR/NPOR] == [Aprovado] then [Ingressar como Aluno CPOR/NPOR]','3fdf0112-9c3f-4472-b6fc-810dd4141576','67b610bd-4d00-442e-828d-304008be22fc','b3f9185d-81eb-4a82-ba6c-b385105d7e6d',0,'ExclusiveGateway_199nry7'),('b338c1ad-59e1-4d22-b826-e270e84f485a','If [Verificar Perfil de Estudante] == [SequenceFlow_1ijs6pn] then [Analisar Estudante Com Necessidades Especiais]','138410a1-af38-40e3-a9ad-70e737e8e807','67b610bd-4d00-442e-828d-304008be22fc','b3f9185d-81eb-4a82-ba6c-b385105d7e6d',0,'ExclusiveGateway_17oxobt'),('b3d097c6-0b8e-4ea2-ab87-26146937f5bb','Atendimento Encerrado','c6f363ab-bf96-4968-8400-a7a319789cc3','6a1837b8-99d5-4795-90a1-2ac252955632','ddeabd7a-2e66-4cf0-94b1-b10697094e9b',0,'IntermediateThrowEvent_1vnh3rv'),('b44e5a2a-3968-463e-91ee-a2b6888d06fa','[Delegacia de Descoberta de Paradeiros (DDPA)] <---> [Delegacia de Descoberta de Paradeiros (DDPA)] ([Avaliar o Caso])','c6f363ab-bf96-4968-8400-a7a319789cc3','c166912a-b093-4604-a2cf-3c503438c95b','07ecefe5-eacc-40e7-b973-d91639a6e939',0,'SequenceFlow_0b79jh2'),('b45cb1b2-d343-4afc-82bc-0feef8b92029','Task_196lh2o','4dfccc40-ff04-4cd4-9ab6-a7f87dcaa16f','8b63e0ca-e5b5-4bbe-8dce-b3bf4597279b','0398bdf4-bc79-42d6-8109-017b826b4b39',0,'Task_196lh2o'),('b6bfb95d-8c37-4e42-85fd-a460ba05e0fd','Conferir Documentação','03841a8e-8bb4-49ce-8e3a-c667b94f18e7','8b63e0ca-e5b5-4bbe-8dce-b3bf4597279b','0398bdf4-bc79-42d6-8109-017b826b4b39',0,'Task_0bnr5dp'),('b74db830-9c18-4239-8276-1514344579b4','Emitir Protocolo de Retirada: protocolo de retirada de passaporte.','03841a8e-8bb4-49ce-8e3a-c667b94f18e7','fa5c314e-c222-4609-b2b2-84124d546379','56f309e0-8f8f-436a-a17f-bc0062758db6',1,NULL),('b7bb37d2-2681-45b8-864d-998bc9959700','Posto da PF <---> Casa da Moeda (Rio de Janeiro)','03841a8e-8bb4-49ce-8e3a-c667b94f18e7','20209769-e52b-4ad1-8239-9dfac4f2f467','07ecefe5-eacc-40e7-b973-d91639a6e939',0,'MessageFlow_0f480ei'),('b89b3e3e-f494-4c7a-a7c0-4c62057eda6c','Condição para Requerer Passaporte: O passaporte só é requerido após o solicitante informar toda a documentação necessário no SINPA.','03841a8e-8bb4-49ce-8e3a-c667b94f18e7','f4b0a66a-e026-4bc4-9a70-143ab210529c','b3f9185d-81eb-4a82-ba6c-b385105d7e6d',1,NULL),('b8edb505-9e5f-4ba0-bddd-799d789c1e85','Site','3fdf0112-9c3f-4472-b6fc-810dd4141576','5f1937b4-5c2c-457c-b661-e5de6ecbddf7','aafd3f32-8209-4ea6-90db-41cc2294e50f',0,'DataStoreReference_1o7emt0'),('ba708e60-1510-4991-a57a-9f640c137685','Preencher Solicitação <---> Sistema do Prouni','138410a1-af38-40e3-a9ad-70e737e8e807','27abfc70-f0c6-49af-bedb-4da2b4c606bc','07ecefe5-eacc-40e7-b973-d91639a6e939',0,'DataOutputAssociation_11ome8s'),('bc263cff-51b3-4cf5-a6b7-c26acc522034','[Conscrito] <---> [Conscrito] ([Realizar Juramento à Bandeira])','3fdf0112-9c3f-4472-b6fc-810dd4141576','c166912a-b093-4604-a2cf-3c503438c95b','07ecefe5-eacc-40e7-b973-d91639a6e939',0,'SequenceFlow_1u7xg08'),('bca3ca3a-cdd6-40fe-8ec0-3cd55d51c37a','[Posto da PF] <---> [Cidadão Brasileiro] ([Comparecer ao Posto da PF])','03841a8e-8bb4-49ce-8e3a-c667b94f18e7','c166912a-b093-4604-a2cf-3c503438c95b','07ecefe5-eacc-40e7-b973-d91639a6e939',0,'SequenceFlow_1f7nrhq'),('bca41625-ee96-4fd5-9bc3-4b25e092bde8','If [Designar Conscrito] == [CPOR / NPOR] then [Avaliar CPOR/NPOR]','3fdf0112-9c3f-4472-b6fc-810dd4141576','67b610bd-4d00-442e-828d-304008be22fc','b3f9185d-81eb-4a82-ba6c-b385105d7e6d',0,'ExclusiveGateway_17rb3f2'),('bd485906-b6c9-4ccf-8bc9-e5638955807d','[Comparecer ao Quartel de Seleção] needs of event [Data e Hora Especificada]','3fdf0112-9c3f-4472-b6fc-810dd4141576','2b6cf385-5644-425e-b09b-801ffa84fa20','b3f9185d-81eb-4a82-ba6c-b385105d7e6d',0,'IntermediateThrowEvent_13lfoq2'),('bde14343-d67f-4a40-a3cf-9cd35422cafc','Processo de Alistamento Militar','3fdf0112-9c3f-4472-b6fc-810dd4141576','caeef544-8b9e-46b9-b9ad-6882afba4767','fd7e51ff-da9f-4eb5-bbba-24186283199b',0,'Participant_1a973l0'),('be2c67ff-cd1f-41a7-a37b-63df63295c0a','Sistema do Prouni','138410a1-af38-40e3-a9ad-70e737e8e807','5f1937b4-5c2c-457c-b661-e5de6ecbddf7','aafd3f32-8209-4ea6-90db-41cc2294e50f',0,'DataStoreReference_1lrek9p'),('bf5b34e2-807f-430a-b1df-cf6399588158','Analisar Estudante Com Necessidades Especiais','138410a1-af38-40e3-a9ad-70e737e8e807','8b63e0ca-e5b5-4bbe-8dce-b3bf4597279b','0398bdf4-bc79-42d6-8109-017b826b4b39',0,'Task_0my2o4z'),('bfc48f43-2170-4f42-ad92-88e50dcf1fbf','Registro de Ocorrência <---> Registrar RO','c6f363ab-bf96-4968-8400-a7a319789cc3','0654c398-db9b-4c5e-b0c9-c192f4a77c72','07ecefe5-eacc-40e7-b973-d91639a6e939',0,'DataInputAssociation_0a7ys5m'),('c01fb969-6539-41cc-a6a6-42a7ded0a9cd','[Estudante] <---> [Estudante] ([Analisar Estudante de Rede Publica])','138410a1-af38-40e3-a9ad-70e737e8e807','c166912a-b093-4604-a2cf-3c503438c95b','07ecefe5-eacc-40e7-b973-d91639a6e939',0,'SequenceFlow_0ug92k9'),('c04b3520-d245-4054-9c1b-dc97fad037b5','[Estudante] <---> [Estudante] ([Cancelamento da Solicitação])','138410a1-af38-40e3-a9ad-70e737e8e807','c166912a-b093-4604-a2cf-3c503438c95b','07ecefe5-eacc-40e7-b973-d91639a6e939',0,'SequenceFlow_1011rpp'),('c0c50dfd-36de-4b48-8eec-bc04f3b7a9c6','Solicitação de Passaporte','03841a8e-8bb4-49ce-8e3a-c667b94f18e7','49cff4eb-0068-43be-a569-7af10491e475','a2b2192a-69b5-44ee-9ca0-0606aed1acce',0,'StartEvent_0rkxfb8'),('c0d700b4-bfa4-4aa7-884a-8ef502630824','[Delegacia de Descoberta de Paradeiros (DDPA)] <---> [Delegacia de Descoberta de Paradeiros (DDPA)] ([RO Enviado])','c6f363ab-bf96-4968-8400-a7a319789cc3','c166912a-b093-4604-a2cf-3c503438c95b','07ecefe5-eacc-40e7-b973-d91639a6e939',0,'SequenceFlow_18wdiz1'),('c0edf18b-8081-4623-9c2e-70ee8fe5293e','[Comparecer a Junta de Serviço Militar] needs of event [Data e Hora Marcada]','3fdf0112-9c3f-4472-b6fc-810dd4141576','2b6cf385-5644-425e-b09b-801ffa84fa20','b3f9185d-81eb-4a82-ba6c-b385105d7e6d',0,'IntermediateThrowEvent_0t02zdv'),('c1b0e73b-d31a-49fe-a8c6-711e04f61f38','If [Analisar Estudante de Rede Privada] == [Cumpre os requisitos] then [Preencher Solicitação]','138410a1-af38-40e3-a9ad-70e737e8e807','67b610bd-4d00-442e-828d-304008be22fc','b3f9185d-81eb-4a82-ba6c-b385105d7e6d',0,'ExclusiveGateway_1n5ivct'),('c3493511-7274-4645-8105-2ee4bace3fd2','[Junta Militar] <---> [Conscrito] ([Comparecer ao Quartel de Seleção])','3fdf0112-9c3f-4472-b6fc-810dd4141576','c166912a-b093-4604-a2cf-3c503438c95b','07ecefe5-eacc-40e7-b973-d91639a6e939',0,'SequenceFlow_11mem8m'),('c4737fcb-69d6-4a89-996e-fef6cdef5fe8','Receber Certificado de Reservista','3fdf0112-9c3f-4472-b6fc-810dd4141576','8b63e0ca-e5b5-4bbe-8dce-b3bf4597279b','0398bdf4-bc79-42d6-8109-017b826b4b39',0,'Task_04gdvqe'),('c4821658-07eb-47c9-9849-412bad2bfc93','Cadastrar Alistamento Militar','3fdf0112-9c3f-4472-b6fc-810dd4141576','8b63e0ca-e5b5-4bbe-8dce-b3bf4597279b','0398bdf4-bc79-42d6-8109-017b826b4b39',0,'Task_18hq7ho'),('c52be349-d52c-434f-919c-5b0fc842469f','Encerrar Solicitação','138410a1-af38-40e3-a9ad-70e737e8e807','8b63e0ca-e5b5-4bbe-8dce-b3bf4597279b','0398bdf4-bc79-42d6-8109-017b826b4b39',0,'Task_03saili'),('c544fa50-3201-4e2e-8674-844ea423ae55','Certificado de Reservista','3fdf0112-9c3f-4472-b6fc-810dd4141576','70766c1f-ffc4-40f5-966d-a19447ce0701','aafd3f32-8209-4ea6-90db-41cc2294e50f',0,'DataObjectReference_11i335j'),('c63e531e-4089-44ec-a5ce-c72fa031ce7f','Início do Período de Inscrição > Separar Documentação > ExclusiveGateway_1k7efta (SequenceFlow_0lk00rv) > Verificar Perfil de Estudante > ExclusiveGateway_17oxobt (SequenceFlow_1es4yct) > Analisar Estudante de Rede Publica > ExclusiveGateway_1n5ivct (Não cumpre os requisitos) > Encerrar Solicitação > Cancelamento da Solicitação','138410a1-af38-40e3-a9ad-70e737e8e807','80c9886f-35d5-4304-9a4f-0b257faf2e1a','bd655881-0d4b-460b-9fbd-ea577d3aa417',0,'Process_Prouni'),('c7ee1a89-f6fe-41b4-94aa-474def9b9ef2','[Quartel de Seleção] <---> [Quartel de Apresentação] ([Ingressar como Recruta])','3fdf0112-9c3f-4472-b6fc-810dd4141576','c166912a-b093-4604-a2cf-3c503438c95b','07ecefe5-eacc-40e7-b973-d91639a6e939',0,'SequenceFlow_1dwqr3r'),('c845bfd3-70e1-448c-9844-beddbb305258','[Agendar Atendimento] needs of event [Aguardar 72h]','03841a8e-8bb4-49ce-8e3a-c667b94f18e7','2b6cf385-5644-425e-b09b-801ffa84fa20','b3f9185d-81eb-4a82-ba6c-b385105d7e6d',0,'IntermediateThrowEvent_0maj49i'),('c8b45665-85d6-49f0-9637-0e56d09fd4b2','Processo de Emissão de Passaportes','03841a8e-8bb4-49ce-8e3a-c667b94f18e7','caeef544-8b9e-46b9-b9ad-6882afba4767','fd7e51ff-da9f-4eb5-bbba-24186283199b',0,'Participant_0o57a6q'),('c8de45c5-31bc-4549-b268-adc36edae5eb','Sistema do Prouni','138410a1-af38-40e3-a9ad-70e737e8e807','5f1937b4-5c2c-457c-b661-e5de6ecbddf7','aafd3f32-8209-4ea6-90db-41cc2294e50f',0,'DataStoreReference_0qstnmr'),('c90c662f-5821-4be2-845a-b8ba68e5be8c','SINPA','03841a8e-8bb4-49ce-8e3a-c667b94f18e7','5f1937b4-5c2c-457c-b661-e5de6ecbddf7','aafd3f32-8209-4ea6-90db-41cc2294e50f',0,'DataStoreReference_1sz0ymc'),('ca20f52b-7c84-4129-8740-07f5b0ff5752','[Estudante] <---> [Estudante] ([Selecionar Tipo de Bolsa])','138410a1-af38-40e3-a9ad-70e737e8e807','c166912a-b093-4604-a2cf-3c503438c95b','07ecefe5-eacc-40e7-b973-d91639a6e939',0,'SequenceFlow_0xh5d4f'),('cab38537-2f61-4789-afff-a67c9674c684','Receber Termo de Concedimento de Bolsa ','138410a1-af38-40e3-a9ad-70e737e8e807','8b63e0ca-e5b5-4bbe-8dce-b3bf4597279b','0398bdf4-bc79-42d6-8109-017b826b4b39',0,'Task_19mpd5b'),('cbb38e23-38ab-4b59-bc98-feda3a464671','[Conscrito] <---> [Junta Militar] ([Emitir Cerificado de Reservista])','3fdf0112-9c3f-4472-b6fc-810dd4141576','c166912a-b093-4604-a2cf-3c503438c95b','07ecefe5-eacc-40e7-b973-d91639a6e939',0,'SequenceFlow_15w2xao'),('cc4e8c1a-ab19-44eb-b235-9d1b6252392d','If [Prazo para resultado atingido] in [Verificar Resultado] then [Encerrar Solicitação]','138410a1-af38-40e3-a9ad-70e737e8e807','9d55bc14-097c-40b5-b9b5-b59f3888e573','b3f9185d-81eb-4a82-ba6c-b385105d7e6d',0,'BoundaryEvent_0hfqbxj'),('ccc29eef-f751-4409-9946-85b1e0cdc604','Selecionar Instituição','138410a1-af38-40e3-a9ad-70e737e8e807','8b63e0ca-e5b5-4bbe-8dce-b3bf4597279b','0398bdf4-bc79-42d6-8109-017b826b4b39',0,'Task_1c0hn8m'),('cd8643d8-2258-4348-9f6a-7005744300a7','If [IntermediateThrowEvent_0ukb4bs] == [Convocado] then [Comparecer à Instituição]','138410a1-af38-40e3-a9ad-70e737e8e807','67b610bd-4d00-442e-828d-304008be22fc','b3f9185d-81eb-4a82-ba6c-b385105d7e6d',0,'ExclusiveGateway_1dhucev'),('cda06e19-1bf1-4d67-9c2d-4a5bed969d4e','Perform [Coletar Biomertia e Foto] then perform in parallel [<Emitir Protocolo de Retirada> and <Enviar Informações para Confeção do Passaporte>]','03841a8e-8bb4-49ce-8e3a-c667b94f18e7','c288de5b-6e3c-40c0-8da4-27eaa9fb0ebf','b3f9185d-81eb-4a82-ba6c-b385105d7e6d',0,'ExclusiveGateway_0c85aw8'),('cebbf6fa-9b49-422c-b920-600bdb6ce6f0','[Conscrito] <---> [Conscrito] ([Dispensa do Serviço Militar])','3fdf0112-9c3f-4472-b6fc-810dd4141576','c166912a-b093-4604-a2cf-3c503438c95b','07ecefe5-eacc-40e7-b973-d91639a6e939',0,'SequenceFlow_093pe4u'),('cf46d733-a626-4616-ae2c-804133a50438','Retornar ao Quartel de Seleção','3fdf0112-9c3f-4472-b6fc-810dd4141576','8b63e0ca-e5b5-4bbe-8dce-b3bf4597279b','0398bdf4-bc79-42d6-8109-017b826b4b39',0,'Task_1nkxce9'),('d0bf9024-5424-41c5-8f36-c4e669ea8aa5','Documentação <---> Separar Documentação','03841a8e-8bb4-49ce-8e3a-c667b94f18e7','0654c398-db9b-4c5e-b0c9-c192f4a77c72','07ecefe5-eacc-40e7-b973-d91639a6e939',0,'DataInputAssociation_1xybxtz'),('d0d0523a-523f-42ca-a4b8-a8448b6d9668','Solicitação de Passaporte > Verificar Documentação Necessária > Separar Documentação > Requerer Passaporte > Pagar GRU > Aguardar 72h > Agendar Atendimento > Data e Horário Agendado > Comparecer ao Posto da PF Agendado > Conferir Documentação > ExclusiveGateway_1ryiri4 (Correta) > Coletar Biomertia e Foto > ExclusiveGateway_0c85aw8 (SequenceFlow_16iyogr) > Emitir Protocolo de Retirada > 6 Dias > ExclusiveGateway_0qfi81n (SequenceFlow_19lchuc) > Comparecer ao Posto da PF > BoundaryEvent_1wh8acg > Cancelar Passaporte > Cancelamento de Passaporte','03841a8e-8bb4-49ce-8e3a-c667b94f18e7','80c9886f-35d5-4304-9a4f-0b257faf2e1a','bd655881-0d4b-460b-9fbd-ea577d3aa417',0,'Process_Passaporte'),('d0dfdef2-919d-424b-b40b-3a8cc6962938','[Estudante] <---> [Estudante] ([Analisar Estudante de Rede Privada])','138410a1-af38-40e3-a9ad-70e737e8e807','c166912a-b093-4604-a2cf-3c503438c95b','07ecefe5-eacc-40e7-b973-d91639a6e939',0,'SequenceFlow_0ug92k9'),('d10e502f-6726-44ba-81e6-22ba225c4601','If [Conferir Documentação] == [Incorreta] then [Encerrar Atendimento]','03841a8e-8bb4-49ce-8e3a-c667b94f18e7','67b610bd-4d00-442e-828d-304008be22fc','b3f9185d-81eb-4a82-ba6c-b385105d7e6d',0,'ExclusiveGateway_1ryiri4'),('d1618653-352b-4139-b196-77110b4ea0b8','[Estudante] <---> [Estudante] ([Selecionar Instituição])','138410a1-af38-40e3-a9ad-70e737e8e807','c166912a-b093-4604-a2cf-3c503438c95b','07ecefe5-eacc-40e7-b973-d91639a6e939',0,'SequenceFlow_0k0d64u'),('d1b58dee-89c4-414d-8a86-8faffbaa3ebb','[Delegacia de Descoberta de Paradeiros (DDPA)] <---> [Delegacia de Descoberta de Paradeiros (DDPA)] ([Colher Informações])','c6f363ab-bf96-4968-8400-a7a319789cc3','c166912a-b093-4604-a2cf-3c503438c95b','07ecefe5-eacc-40e7-b973-d91639a6e939',0,'SequenceFlow_0fx91u1'),('d1fb00b9-4fce-4673-b5ba-5cdf9b79a77d','Corrigir Passaporte','03841a8e-8bb4-49ce-8e3a-c667b94f18e7','8b63e0ca-e5b5-4bbe-8dce-b3bf4597279b','0398bdf4-bc79-42d6-8109-017b826b4b39',0,'Task_0q18463'),('d259141d-2e48-4c46-9d14-08f24ed57a60','If [Avaliar CPOR/NPOR] == [Reprovado] then [Designar Quartel]','3fdf0112-9c3f-4472-b6fc-810dd4141576','67b610bd-4d00-442e-828d-304008be22fc','b3f9185d-81eb-4a82-ba6c-b385105d7e6d',0,'ExclusiveGateway_199nry7'),('d2def39c-bb29-4416-80bf-b4db423cce2d','If [Avaliar o Caso] == [Outro Tipo de Caso] then [Registrar Fato Atípico]','c6f363ab-bf96-4968-8400-a7a319789cc3','67b610bd-4d00-442e-828d-304008be22fc','b3f9185d-81eb-4a82-ba6c-b385105d7e6d',0,'ExclusiveGateway_0jbo8qp'),('d328190d-cc8a-4955-9a78-c951f4fd0ecb','Selecionar Tipo de Bolsa <---> Sistema do Prouni','138410a1-af38-40e3-a9ad-70e737e8e807','27abfc70-f0c6-49af-bedb-4da2b4c606bc','07ecefe5-eacc-40e7-b973-d91639a6e939',0,'DataOutputAssociation_18t2hod'),('d45035f9-9b3d-47bf-9764-5da99ab1f1b4','[Delegacia de Descoberta de Paradeiros (DDPA)] <---> [Delegacia de Descoberta de Paradeiros (DDPA)] ([Enviar RO])','c6f363ab-bf96-4968-8400-a7a319789cc3','c166912a-b093-4604-a2cf-3c503438c95b','07ecefe5-eacc-40e7-b973-d91639a6e939',0,'SequenceFlow_1ex7rt4'),('d4b89a82-d6c1-4f38-9456-1dbd16abf4d8','[Delegacia de Descoberta de Paradeiros (DDPA)] <---> [Delegacia de Descoberta de Paradeiros (DDPA)] ([Acolher Pessoa])','c6f363ab-bf96-4968-8400-a7a319789cc3','c166912a-b093-4604-a2cf-3c503438c95b','07ecefe5-eacc-40e7-b973-d91639a6e939',0,'SequenceFlow_15jfpsh'),('d805aa70-e6aa-4da6-bf4e-bed347df2924','[Posto da PF] <---> [Posto da PF] ([Enviar Informações para Confeção do Passaporte])','03841a8e-8bb4-49ce-8e3a-c667b94f18e7','c166912a-b093-4604-a2cf-3c503438c95b','07ecefe5-eacc-40e7-b973-d91639a6e939',0,'SequenceFlow_1rba0pi'),('d87830c7-c228-4fc3-9251-4de71b7c23b9','Início do Período de Inscrição > Separar Documentação > ExclusiveGateway_1k7efta (SequenceFlow_0lk00rv) > Verificar Perfil de Estudante > ExclusiveGateway_17oxobt (SequenceFlow_1es4yct) > Analisar Estudante de Rede Publica > ExclusiveGateway_1n5ivct (Cumpre os requisitos) > ExclusiveGateway_1t67j0l (SequenceFlow_1mdk2vf) > Preencher Solicitação > Selecionar Instituição > Selecionar Tipo de Bolsa > Enviar Solicitação > Envio de Solicitação de Bolsa > Verificar Resultado > IntermediateThrowEvent_0ukb4bs > ExclusiveGateway_1dhucev (Convocado) > Comparecer à Instituição > BoundaryEvent_1bdye0h > Encerrar Solicitação > Encerramento de Solicitação','138410a1-af38-40e3-a9ad-70e737e8e807','80c9886f-35d5-4304-9a4f-0b257faf2e1a','bd655881-0d4b-460b-9fbd-ea577d3aa417',0,'Process_Prouni'),('d8adce48-2562-4082-a529-e73a928a974e','Quartel de Seleção','3fdf0112-9c3f-4472-b6fc-810dd4141576','eba21687-60a7-4b3f-a5fc-68b51ea25729','143d0fd1-15eb-44a9-a098-588c6ea90196',0,'Lane_1696rjf'),('d95372da-0c16-4a04-8d5c-17a5bf60def4','Avisar Chegada de Passaporte: passaporte','03841a8e-8bb4-49ce-8e3a-c667b94f18e7','fa5c314e-c222-4609-b2b2-84124d546379','56f309e0-8f8f-436a-a17f-bc0062758db6',1,NULL),('d999fc39-5c34-4862-9f25-3a35da616ac5','Preencher Solicitação','138410a1-af38-40e3-a9ad-70e737e8e807','8b63e0ca-e5b5-4bbe-8dce-b3bf4597279b','0398bdf4-bc79-42d6-8109-017b826b4b39',0,'Task_0wykme1'),('da29750c-133d-4265-a585-f5cc733a8d36','Realizar Exame Psicológico','3fdf0112-9c3f-4472-b6fc-810dd4141576','8b63e0ca-e5b5-4bbe-8dce-b3bf4597279b','0398bdf4-bc79-42d6-8109-017b826b4b39',0,'Task_0y9v6je'),('dabfe9a9-7d74-4669-a377-b1ba574a288e','Verificar Perfil de Estudante','138410a1-af38-40e3-a9ad-70e737e8e807','8b63e0ca-e5b5-4bbe-8dce-b3bf4597279b','0398bdf4-bc79-42d6-8109-017b826b4b39',0,'Task_1v3vjgp'),('dd8a3bf0-ee1d-4e66-95a4-30fb41f9b40f','[Junta Militar] <---> [Conscrito] ([Receber Certificado de Reservista])','3fdf0112-9c3f-4472-b6fc-810dd4141576','c166912a-b093-4604-a2cf-3c503438c95b','07ecefe5-eacc-40e7-b973-d91639a6e939',0,'SequenceFlow_1bil7zf'),('dd96dc77-a0e7-4e81-8895-c1bd2bfee85f','Cidadão Brasileiro','03841a8e-8bb4-49ce-8e3a-c667b94f18e7','b93ad02e-ebc4-4419-87d5-43a40e45c107','9d297fff-deaa-4497-a8cc-ad056a383e6d',1,NULL),('ddad7d90-1587-49cc-a737-16992d00b714','Avisar Chegada de Passaporte:  ​aviso de chegada de passaporte','03841a8e-8bb4-49ce-8e3a-c667b94f18e7','00a4833b-15ee-4101-a7bc-c7b1a30cdce2','b3f9185d-81eb-4a82-ba6c-b385105d7e6d',1,NULL),('dddbd14e-de5a-4330-bc88-ff92e50ef407','Notificação de Desaparecimento Recebida > Acolher Pessoa > Avaliar o Caso > ExclusiveGateway_0jbo8qp (Caso de Desaparecimento) > Colher Informações > Registrar RO > Enviar RO > RO Enviado','c6f363ab-bf96-4968-8400-a7a319789cc3','80c9886f-35d5-4304-9a4f-0b257faf2e1a','bd655881-0d4b-460b-9fbd-ea577d3aa417',0,'Process_PM2GDTool'),('dfa52a4f-dc03-4f35-94a9-f48dd83a63c7','Condição para coleta de digital e fotografia: A fotografia e impressões digitais só serão coletados quando a documentação necessária estiver correta.\r\n','03841a8e-8bb4-49ce-8e3a-c667b94f18e7','f4b0a66a-e026-4bc4-9a70-143ab210529c','b3f9185d-81eb-4a82-ba6c-b385105d7e6d',1,NULL),('e1414071-5f7c-4fe6-9c02-d56c20c65889','Atendimento Encerrado','c6f363ab-bf96-4968-8400-a7a319789cc3','0281e8c1-2708-46ff-8fda-5b8a96aa3186','b10def87-95b3-4846-9c05-8efafe36b225',0,'IntermediateThrowEvent_1vnh3rv'),('e1d370da-ee66-4607-9cdd-1c0849fb130f','Analisar Estudante de Rede Publica','138410a1-af38-40e3-a9ad-70e737e8e807','8b63e0ca-e5b5-4bbe-8dce-b3bf4597279b','0398bdf4-bc79-42d6-8109-017b826b4b39',0,'Task_1nkm2eb'),('e2145809-a8c7-420e-b42a-43a68719bf72','Registrar Fato Atípico','c6f363ab-bf96-4968-8400-a7a319789cc3','8b63e0ca-e5b5-4bbe-8dce-b3bf4597279b','0398bdf4-bc79-42d6-8109-017b826b4b39',0,'Task_1502wqh'),('e284c80a-b63b-4a12-8f08-21f6b53fa4e2','If [Verificar ENEM] == [Cumpre os requisitos] then [Preencher Solicitação]','138410a1-af38-40e3-a9ad-70e737e8e807','67b610bd-4d00-442e-828d-304008be22fc','b3f9185d-81eb-4a82-ba6c-b385105d7e6d',0,'ExclusiveGateway_1ume95p'),('e373f4ae-4b74-4cee-ac91-1dc5f86e3249','Condição para o cancelamento do passaporte: Passado 90 dias da chegada do passaporte, o mesmo será cancelado caso o solicitante não compareça no posto de atendimento para sua retirada.','03841a8e-8bb4-49ce-8e3a-c667b94f18e7','f4b0a66a-e026-4bc4-9a70-143ab210529c','b3f9185d-81eb-4a82-ba6c-b385105d7e6d',1,NULL),('e4a105bb-5678-4c07-9660-07adf90600b3','[Posto da PF] <---> [Posto da PF] ([Cancelamento de Passaporte])','03841a8e-8bb4-49ce-8e3a-c667b94f18e7','c166912a-b093-4604-a2cf-3c503438c95b','07ecefe5-eacc-40e7-b973-d91639a6e939',0,'SequenceFlow_15f4u38'),('e569dd9d-261f-4548-95e5-77ad5f15d3a4','[ExclusiveGateway_0qfi81n] needs of event [6 Dias]','03841a8e-8bb4-49ce-8e3a-c667b94f18e7','2b6cf385-5644-425e-b09b-801ffa84fa20','b3f9185d-81eb-4a82-ba6c-b385105d7e6d',0,'IntermediateThrowEvent_0bssr0b'),('e5c42f1e-0291-4017-ae93-c0e41ee71bd1','Agendar Atendimento: aguardar 72hrs após o pagamento da GRU e  ​GRU Paga, protocolo de requisição.','03841a8e-8bb4-49ce-8e3a-c667b94f18e7','00a4833b-15ee-4101-a7bc-c7b1a30cdce2','b3f9185d-81eb-4a82-ba6c-b385105d7e6d',1,NULL),('e5daa588-905a-42d5-96cb-49cfbb688b34','Emitir Cerificado de Reservista','3fdf0112-9c3f-4472-b6fc-810dd4141576','8b63e0ca-e5b5-4bbe-8dce-b3bf4597279b','0398bdf4-bc79-42d6-8109-017b826b4b39',0,'Task_02txyed'),('e688cb69-7248-451c-b941-1f163c06a9a1','Selecionar Junta Militar <---> Site','3fdf0112-9c3f-4472-b6fc-810dd4141576','27abfc70-f0c6-49af-bedb-4da2b4c606bc','07ecefe5-eacc-40e7-b973-d91639a6e939',0,'DataOutputAssociation_0bivmfb'),('e6fcc1c6-9c1d-4d05-b39f-02586550ecb8','[Conscrito] <---> [Conscrito] ([Separar Documentos])','3fdf0112-9c3f-4472-b6fc-810dd4141576','c166912a-b093-4604-a2cf-3c503438c95b','07ecefe5-eacc-40e7-b973-d91639a6e939',0,'SequenceFlow_1vyh56y'),('e85dd77d-1e9e-47dd-a30b-0f4ef890622e','Emitir Cerificado de Reservista <---> Certificado de Reservista','3fdf0112-9c3f-4472-b6fc-810dd4141576','27abfc70-f0c6-49af-bedb-4da2b4c606bc','07ecefe5-eacc-40e7-b973-d91639a6e939',0,'DataOutputAssociation_1uqyy29'),('e8761e37-efed-4b78-9469-39e73e7842fa','If [Realizar Exame Psicológico] == [inápto] then [Dispensar Conscritro]','3fdf0112-9c3f-4472-b6fc-810dd4141576','67b610bd-4d00-442e-828d-304008be22fc','b3f9185d-81eb-4a82-ba6c-b385105d7e6d',0,'ExclusiveGateway_10jg12p'),('e883e37a-bc6f-4577-be23-c14997c7ad25','Cidadão brasileiro precisa sair em uma viagem no exterior, para isso ele precisa solicitar seu passaporte. Para solicitar seu passaporte, ele precisa executar uma série de tarefas e cumprir prazos. O cidadão precisa separar a documentação, pagar taxa, agendar um atendimento, registrar biometria e foto, aguardar a produção do documento, e conferir o documento. ','03841a8e-8bb4-49ce-8e3a-c667b94f18e7','b238ccd6-18b1-4fec-b42f-4093171fe5fb','fcb1c5b1-ab39-4178-b905-0efe19f3c6d5',1,NULL),('e910a268-a7e3-4841-82a4-a3691503a785','Colher Informações','c6f363ab-bf96-4968-8400-a7a319789cc3','8b63e0ca-e5b5-4bbe-8dce-b3bf4597279b','0398bdf4-bc79-42d6-8109-017b826b4b39',0,'Task_14a0bbc'),('e9203fc4-0e7b-4b23-85fe-aa307efe1b49','Passaporte <---> Avisar Chegada do Passaporte','03841a8e-8bb4-49ce-8e3a-c667b94f18e7','0654c398-db9b-4c5e-b0c9-c192f4a77c72','07ecefe5-eacc-40e7-b973-d91639a6e939',0,'DataInputAssociation_1ynm8x4'),('e9b122c5-562b-403c-aaf5-25d2c71feda4','[Estudante] <---> [Estudante] ([Enviar Solicitação])','138410a1-af38-40e3-a9ad-70e737e8e807','c166912a-b093-4604-a2cf-3c503438c95b','07ecefe5-eacc-40e7-b973-d91639a6e939',0,'SequenceFlow_1dznqq1'),('e9c23201-bc1a-43ac-ac87-a8424eb5f8b1','[Quartel de Seleção] <---> [Quartel de Seleção] ([Designar Conscrito])','3fdf0112-9c3f-4472-b6fc-810dd4141576','c166912a-b093-4604-a2cf-3c503438c95b','07ecefe5-eacc-40e7-b973-d91639a6e939',0,'SequenceFlow_0oxt81c'),('eb1f5edc-d1fd-45ca-b93b-77f575a85b75','Início do Período de Inscrição > Separar Documentação > ExclusiveGateway_1k7efta (SequenceFlow_0lk00rv) > Verificar Perfil de Estudante > ExclusiveGateway_17oxobt (SequenceFlow_1es4yct) > Analisar Estudante de Rede Publica > ExclusiveGateway_1n5ivct (Cumpre os requisitos) > ExclusiveGateway_1t67j0l (SequenceFlow_1mdk2vf) > Preencher Solicitação > Selecionar Instituição > Selecionar Tipo de Bolsa > Enviar Solicitação > Envio de Solicitação de Bolsa > Verificar Resultado > BoundaryEvent_0hfqbxj > Encerrar Solicitação > Encerramento da Solicitação','138410a1-af38-40e3-a9ad-70e737e8e807','80c9886f-35d5-4304-9a4f-0b257faf2e1a','bd655881-0d4b-460b-9fbd-ea577d3aa417',0,'Process_Prouni'),('ec45436f-ee1d-40ea-b2f5-4c614ad8acaf','[Enviar Solicitação] creates event (Envio de Solicitação de Bolsa)','138410a1-af38-40e3-a9ad-70e737e8e807','4987ae0b-4f82-4395-aa78-57b2c9893b05','a2b2192a-69b5-44ee-9ca0-0606aed1acce',0,'IntermediateThrowEvent_19t6h9r'),('ec5de311-361e-44e8-9ea1-a2141bc47cff','Protocolo de Antendimento <---> Agendar Atendimento','03841a8e-8bb4-49ce-8e3a-c667b94f18e7','0654c398-db9b-4c5e-b0c9-c192f4a77c72','07ecefe5-eacc-40e7-b973-d91639a6e939',0,'DataInputAssociation_1kk2hh2'),('ed69fe96-097e-4ac1-9ba5-20912f2832de','Registro de Ocorrência <---> Registrar RO','c6f363ab-bf96-4968-8400-a7a319789cc3','0654c398-db9b-4c5e-b0c9-c192f4a77c72','07ecefe5-eacc-40e7-b973-d91639a6e939',0,'DataInputAssociation_0qxz10j'),('ee5beef1-8d31-49c8-95c3-9994f787fabb','Condição para o comparecimento ao posto da PF para retirada de passaporte: O solicitante após requerer o passaporte deverá comparecer ao posto da PF com o protocolo de retirada de passaporte após 6 dias de sua requisição e após receber a confirmação de chegada de passaporte pelo posto de atendimento.','03841a8e-8bb4-49ce-8e3a-c667b94f18e7','f4b0a66a-e026-4bc4-9a70-143ab210529c','b3f9185d-81eb-4a82-ba6c-b385105d7e6d',1,NULL),('ee859671-5e4b-4acd-99a3-24c4be1f9ea3','[Conscrito] <---> [Quartel de Seleção] ([Realizar Entrevista])','3fdf0112-9c3f-4472-b6fc-810dd4141576','c166912a-b093-4604-a2cf-3c503438c95b','07ecefe5-eacc-40e7-b973-d91639a6e939',0,'SequenceFlow_1cqrzsd'),('eff1601b-2dca-4132-86fb-37b3127871a2','Separar Documentação','138410a1-af38-40e3-a9ad-70e737e8e807','8b63e0ca-e5b5-4bbe-8dce-b3bf4597279b','0398bdf4-bc79-42d6-8109-017b826b4b39',0,'Task_0tn69bm'),('f090b942-78ce-409a-9bd5-6b6268869ddb','Pagar GRU <---> GRU / Protocolo','03841a8e-8bb4-49ce-8e3a-c667b94f18e7','27abfc70-f0c6-49af-bedb-4da2b4c606bc','07ecefe5-eacc-40e7-b973-d91639a6e939',0,'DataOutputAssociation_0eny3h5'),('f0ef480f-504e-4aea-9e24-0bc5dbc90b64','If [Realizar Exame Médico] == [inápto] then [Dispensar Conscritro]','3fdf0112-9c3f-4472-b6fc-810dd4141576','67b610bd-4d00-442e-828d-304008be22fc','b3f9185d-81eb-4a82-ba6c-b385105d7e6d',0,'ExclusiveGateway_0l74yyv'),('f1950a87-b4ae-4b1e-bfae-5167b17ad4f1','Requerer Passaporte','03841a8e-8bb4-49ce-8e3a-c667b94f18e7','8b63e0ca-e5b5-4bbe-8dce-b3bf4597279b','0398bdf4-bc79-42d6-8109-017b826b4b39',0,'Task_1x8ntal'),('f1b9c85a-a07f-405b-8a8c-23a201a31999','Evento 1','4dfccc40-ff04-4cd4-9ab6-a7f87dcaa16f','8b63e0ca-e5b5-4bbe-8dce-b3bf4597279b','0398bdf4-bc79-42d6-8109-017b826b4b39',0,'Task_1g05jy3'),('f2c1307f-a887-48b5-afbe-fabcd9b54ca7','Documento de dispensa (Carimbo CAM)','3fdf0112-9c3f-4472-b6fc-810dd4141576','70766c1f-ffc4-40f5-966d-a19447ce0701','aafd3f32-8209-4ea6-90db-41cc2294e50f',0,'DataObjectReference_0zraarm'),('f39f02fb-ea86-4c18-a737-46a2e111c093','Junta Militar','3fdf0112-9c3f-4472-b6fc-810dd4141576','eba21687-60a7-4b3f-a5fc-68b51ea25729','143d0fd1-15eb-44a9-a098-588c6ea90196',0,'Lane_0rnl3hc'),('f43a3d3d-b4ee-4d62-a2d5-a25df6c83bfd','Conferir Dados do Passaporte','03841a8e-8bb4-49ce-8e3a-c667b94f18e7','8b63e0ca-e5b5-4bbe-8dce-b3bf4597279b','0398bdf4-bc79-42d6-8109-017b826b4b39',0,'Task_1yfmjb5'),('f4ab6658-0907-493b-b82d-5ce1887ff26e','Certificado de Alistamento Militar (CAM) <---> Emitir CAM','3fdf0112-9c3f-4472-b6fc-810dd4141576','0654c398-db9b-4c5e-b0c9-c192f4a77c72','07ecefe5-eacc-40e7-b973-d91639a6e939',0,'DataInputAssociation_1b130ay'),('f4fd1797-c6c8-4d46-bada-643fc4950a0e','[Quartel de Apresentação] <---> [Quartel de Apresentação] ([Recruta Ingresante])','3fdf0112-9c3f-4472-b6fc-810dd4141576','c166912a-b093-4604-a2cf-3c503438c95b','07ecefe5-eacc-40e7-b973-d91639a6e939',0,'SequenceFlow_0msrkzd'),('f6d818ce-7b04-4ec7-a339-5dc28c4a8068','GRU / Protocolo','03841a8e-8bb4-49ce-8e3a-c667b94f18e7','70766c1f-ffc4-40f5-966d-a19447ce0701','aafd3f32-8209-4ea6-90db-41cc2294e50f',0,'DataObjectReference_1mxyx51'),('f700eb92-f264-4fcb-a6af-8a9067827f16','[Quartel de Apresentação] <---> [Quartel de Apresentação] ([Ingressar como Aluno CPOR/NPOR])','3fdf0112-9c3f-4472-b6fc-810dd4141576','c166912a-b093-4604-a2cf-3c503438c95b','07ecefe5-eacc-40e7-b973-d91639a6e939',0,'SequenceFlow_0zvwfb6'),('f756e9ef-3aa2-4535-a9d7-f43f13d3e1d0','Pagar GRU','03841a8e-8bb4-49ce-8e3a-c667b94f18e7','8b63e0ca-e5b5-4bbe-8dce-b3bf4597279b','0398bdf4-bc79-42d6-8109-017b826b4b39',0,'Task_1snoe5p'),('f7a151f8-42ac-4770-971f-d1192f964dc8','If [Analisar Estudante Com Necessidades Especiais] == [Não cumpre os requisitos] then [Encerrar Solicitação]','138410a1-af38-40e3-a9ad-70e737e8e807','67b610bd-4d00-442e-828d-304008be22fc','b3f9185d-81eb-4a82-ba6c-b385105d7e6d',0,'ExclusiveGateway_1n5ivct'),('f7a4f07a-6bcc-460e-b30c-2283e7329d09','[Estudante] <---> [Estudante] ([Preencher Solicitação])','138410a1-af38-40e3-a9ad-70e737e8e807','c166912a-b093-4604-a2cf-3c503438c95b','07ecefe5-eacc-40e7-b973-d91639a6e939',0,'SequenceFlow_04ivb66'),('f8095948-ec54-4871-be4b-812e3445041e','[Estudante] <---> [Estudante] ([Analisar Estudante Com Necessidades Especiais])','138410a1-af38-40e3-a9ad-70e737e8e807','c166912a-b093-4604-a2cf-3c503438c95b','07ecefe5-eacc-40e7-b973-d91639a6e939',0,'SequenceFlow_0ug92k9'),('f86f888d-7004-4b51-b6cf-c45c2dafe39f','[Quartel de Seleção] <---> [Quartel de Seleção] ([Dispensar Conscritro])','3fdf0112-9c3f-4472-b6fc-810dd4141576','c166912a-b093-4604-a2cf-3c503438c95b','07ecefe5-eacc-40e7-b973-d91639a6e939',0,'SequenceFlow_0gwy4gd'),('fba9177d-c604-4817-a2da-12b1412c545f','[Conscrito] <---> [Conscrito] ([Entregar Documentos])','3fdf0112-9c3f-4472-b6fc-810dd4141576','c166912a-b093-4604-a2cf-3c503438c95b','07ecefe5-eacc-40e7-b973-d91639a6e939',0,'SequenceFlow_1wi18hx'),('fc81e717-b130-4658-82b8-f8c951703150','Comparecer ao Quartel de Seleção','3fdf0112-9c3f-4472-b6fc-810dd4141576','8b63e0ca-e5b5-4bbe-8dce-b3bf4597279b','0398bdf4-bc79-42d6-8109-017b826b4b39',0,'Task_0h1f5qx'),('fdc7fa22-56a4-40e4-b2e9-594627203cfe','SINPA','03841a8e-8bb4-49ce-8e3a-c667b94f18e7','5f1937b4-5c2c-457c-b661-e5de6ecbddf7','aafd3f32-8209-4ea6-90db-41cc2294e50f',0,'DataStoreReference_05e963z'),('fdf53711-c00c-4c36-bb0a-1adf25660fcb','Corrigir Passaporte: passaporte, informação correta.','03841a8e-8bb4-49ce-8e3a-c667b94f18e7','00a4833b-15ee-4101-a7bc-c7b1a30cdce2','b3f9185d-81eb-4a82-ba6c-b385105d7e6d',1,NULL),('fe6fbd81-547e-4240-8c2e-062533f4f18f','Conferir Dados do Passaporte:  ​validade do passaporte.','03841a8e-8bb4-49ce-8e3a-c667b94f18e7','00a4833b-15ee-4101-a7bc-c7b1a30cdce2','b3f9185d-81eb-4a82-ba6c-b385105d7e6d',1,NULL),('fea32464-b197-4fd3-a8a5-a0465d22bf09','GRU / Protocolo <---> Requerer Passaporte','03841a8e-8bb4-49ce-8e3a-c667b94f18e7','0654c398-db9b-4c5e-b0c9-c192f4a77c72','07ecefe5-eacc-40e7-b973-d91639a6e939',0,'DataInputAssociation_1at3nbd');
/*!40000 ALTER TABLE `gamedesignmappingelements` ENABLE KEYS */;
UNLOCK TABLES;

--
-- Table structure for table `gamegenre`
--

DROP TABLE IF EXISTS `gamegenre`;
/*!40101 SET @saved_cs_client     = @@character_set_client */;
/*!40101 SET character_set_client = utf8 */;
CREATE TABLE `gamegenre` (
  `Id` varchar(40) NOT NULL,
  `Name` varchar(255) DEFAULT NULL,
  `Description` varchar(255) DEFAULT NULL,
  `RegisterDate` datetime DEFAULT NULL,
  `IsConstant` tinyint(1) DEFAULT NULL,
  `idDesigner` varchar(40) DEFAULT NULL,
  `Inactive` tinyint(1) DEFAULT NULL,
  PRIMARY KEY (`Id`),
  KEY `idDesigner` (`idDesigner`),
  KEY `idDesigner_2` (`idDesigner`),
  KEY `idDesigner_3` (`idDesigner`),
  CONSTRAINT `FK2AAE7E1166E920A6` FOREIGN KEY (`idDesigner`) REFERENCES `designer` (`Id`),
  CONSTRAINT `FK77B9D801638896E9` FOREIGN KEY (`idDesigner`) REFERENCES `designer` (`Id`),
  CONSTRAINT `FK77BA5441638896E9` FOREIGN KEY (`idDesigner`) REFERENCES `designer` (`Id`)
) ENGINE=InnoDB DEFAULT CHARSET=utf8;
/*!40101 SET character_set_client = @saved_cs_client */;

--
-- Dumping data for table `gamegenre`
--

LOCK TABLES `gamegenre` WRITE;
/*!40000 ALTER TABLE `gamegenre` DISABLE KEYS */;
INSERT INTO `gamegenre` VALUES ('b8cd64e3-78da-41b1-b595-ab88050cc470','Adventure Game','Game adventure\'s game from Zahari et al. paper.','2017-12-26 08:50:34',1,NULL,0);
/*!40000 ALTER TABLE `gamegenre` ENABLE KEYS */;
UNLOCK TABLES;

--
-- Table structure for table `gamegenreelement`
--

DROP TABLE IF EXISTS `gamegenreelement`;
/*!40101 SET @saved_cs_client     = @@character_set_client */;
/*!40101 SET character_set_client = utf8 */;
CREATE TABLE `gamegenreelement` (
  `Id` varchar(40) NOT NULL,
  `Name` varchar(255) DEFAULT NULL,
  `Description` varchar(255) DEFAULT NULL,
  `idGenre` varchar(40) DEFAULT NULL,
  `RuleAbbled` tinyint(1) DEFAULT NULL,
  `Inactive` tinyint(1) DEFAULT NULL,
  PRIMARY KEY (`Id`),
  KEY `idGenre` (`idGenre`),
  KEY `idGenre_2` (`idGenre`),
  KEY `idGenre_3` (`idGenre`),
  CONSTRAINT `FK518FD6B98D3AFCEE` FOREIGN KEY (`idGenre`) REFERENCES `gamegenre` (`Id`),
  CONSTRAINT `FK555FD2F98D3AFCEE` FOREIGN KEY (`idGenre`) REFERENCES `gamegenre` (`Id`),
  CONSTRAINT `FK5B59D7EF5B2EAA8E` FOREIGN KEY (`idGenre`) REFERENCES `gamegenre` (`Id`)
) ENGINE=InnoDB DEFAULT CHARSET=utf8;
/*!40101 SET character_set_client = @saved_cs_client */;

--
-- Dumping data for table `gamegenreelement`
--

LOCK TABLES `gamegenreelement` WRITE;
/*!40000 ALTER TABLE `gamegenreelement` DISABLE KEYS */;
INSERT INTO `gamegenreelement` VALUES ('0398bdf4-bc79-42d6-8109-017b826b4b39','Tasks','Tasks to be perfomed by the player.','b8cd64e3-78da-41b1-b595-ab88050cc470',NULL,0),('07ecefe5-eacc-40e7-b973-d91639a6e939','Interactions','Interactions among characters, players, objects and etc.','b8cd64e3-78da-41b1-b595-ab88050cc470',NULL,0),('143d0fd1-15eb-44a9-a098-588c6ea90196','Localization','Places in the game world.','b8cd64e3-78da-41b1-b595-ab88050cc470',NULL,0),('1e3a7065-d94a-4fc7-a608-1842f313c5ec','Player or Gamer','Person that play the game.','b8cd64e3-78da-41b1-b595-ab88050cc470',NULL,0),('2047a756-2f40-4c4c-8a0c-722509cae42f','Problems','Happening that motivate the gama. Generally is associated with game goal.','b8cd64e3-78da-41b1-b595-ab88050cc470',NULL,0),('4a4d03ad-ae27-4f49-8289-260c62b1cd8d','Quests','Sequence of task to reach a goal.','b8cd64e3-78da-41b1-b595-ab88050cc470',NULL,0),('56f309e0-8f8f-436a-a17f-bc0062758db6','Feedback','Responses after perform something.','b8cd64e3-78da-41b1-b595-ab88050cc470',NULL,0),('80dfa79c-b385-43f1-a2a4-6d8039b12b69','Goals','Game objectives.','b8cd64e3-78da-41b1-b595-ab88050cc470',NULL,0),('9d297fff-deaa-4497-a8cc-ad056a383e6d','Characters','People (or animated objects) represented in the games.','b8cd64e3-78da-41b1-b595-ab88050cc470',NULL,0),('a2b2192a-69b5-44ee-9ca0-0606aed1acce','Happenings','Plot events that happening and change the game flow.','b8cd64e3-78da-41b1-b595-ab88050cc470',NULL,0),('aafd3f32-8209-4ea6-90db-41cc2294e50f','Items and Objects','Resources acquired in the game','b8cd64e3-78da-41b1-b595-ab88050cc470',NULL,0),('b10def87-95b3-4846-9c05-8efafe36b225','Solutions','Solutions of how to solve problems in the game','b8cd64e3-78da-41b1-b595-ab88050cc470',NULL,0),('b3f9185d-81eb-4a82-ba6c-b385105d7e6d','Rules','Rules of interaction of the game. For instance: players with objects, bosses, and others.','b8cd64e3-78da-41b1-b595-ab88050cc470',NULL,0),('bd655881-0d4b-460b-9fbd-ea577d3aa417','Gameflow ','Sequence of happenings in the game.','b8cd64e3-78da-41b1-b595-ab88050cc470',NULL,0),('d7cb5f17-22cb-469b-b7ea-1ec019bd4a26','Theme','Main theme of the game.','b8cd64e3-78da-41b1-b595-ab88050cc470',NULL,0),('ddeabd7a-2e66-4cf0-94b1-b10697094e9b','Fails','Fails situations in the game.','b8cd64e3-78da-41b1-b595-ab88050cc470',NULL,0),('f1c5fae6-f23c-4f4c-a77a-299fb4dcd21b','Story','Game Story is a abstract of the happenings in the game','b8cd64e3-78da-41b1-b595-ab88050cc470',NULL,0),('f20f75aa-0764-4b67-9171-e7d6ac6c9b57','Help and Orientation','Som game tips.','b8cd64e3-78da-41b1-b595-ab88050cc470',NULL,0),('fcb1c5b1-ab39-4178-b905-0efe19f3c6d5','Plot','It is a full storytelling of happenings in the game.','b8cd64e3-78da-41b1-b595-ab88050cc470',NULL,0),('fd7e51ff-da9f-4eb5-bbba-24186283199b','Title','Name of the game','b8cd64e3-78da-41b1-b595-ab88050cc470',NULL,0),('fdd6f089-28ff-4beb-8c97-bc7372e4566b','Game World','World and places where the game happens','b8cd64e3-78da-41b1-b595-ab88050cc470',NULL,0);
/*!40000 ALTER TABLE `gamegenreelement` ENABLE KEYS */;
UNLOCK TABLES;

--
-- Table structure for table `gamegenreelements`
--

DROP TABLE IF EXISTS `gamegenreelements`;
/*!40101 SET @saved_cs_client     = @@character_set_client */;
/*!40101 SET character_set_client = utf8 */;
CREATE TABLE `gamegenreelements` (
  `idGddElement` varchar(40) NOT NULL,
  `idGameGenre` varchar(40) NOT NULL,
  KEY `idGameGenre` (`idGameGenre`),
  KEY `idGddElement` (`idGddElement`),
  KEY `idGameGenre_2` (`idGameGenre`),
  KEY `idGddElement_2` (`idGddElement`),
  CONSTRAINT `FK2D33BBC87B1CE2DD` FOREIGN KEY (`idGameGenre`) REFERENCES `gamegenreelement` (`Id`),
  CONSTRAINT `FK2D33BBC8D5642D33` FOREIGN KEY (`idGddElement`) REFERENCES `gddconfigurationelements` (`Id`),
  CONSTRAINT `FK637D9E21D51AE6A` FOREIGN KEY (`idGameGenre`) REFERENCES `gamegenreelement` (`Id`),
  CONSTRAINT `FK637D9E2DE2D6E5D` FOREIGN KEY (`idGddElement`) REFERENCES `gddconfigurationelements` (`Id`)
) ENGINE=InnoDB DEFAULT CHARSET=utf8;
/*!40101 SET character_set_client = @saved_cs_client */;

--
-- Dumping data for table `gamegenreelements`
--

LOCK TABLES `gamegenreelements` WRITE;
/*!40000 ALTER TABLE `gamegenreelements` DISABLE KEYS */;
INSERT INTO `gamegenreelements` VALUES ('612e58e3-55e8-4793-be2e-b9d56c7041d3','ddeabd7a-2e66-4cf0-94b1-b10697094e9b'),('f2b2214b-b0ed-4484-a40d-d036b3ea1606','fd7e51ff-da9f-4eb5-bbba-24186283199b'),('aeebed44-a0a0-4927-b263-fd8328940b51','d7cb5f17-22cb-469b-b7ea-1ec019bd4a26'),('a19fa032-6ee9-47d7-ad77-b2e99bfd014b','f1c5fae6-f23c-4f4c-a77a-299fb4dcd21b'),('865ce221-733d-48a2-8760-b9c6bd1dc905','fcb1c5b1-ab39-4178-b905-0efe19f3c6d5'),('a6387f05-de07-4b04-b8cd-376f47e1b0b8','2047a756-2f40-4c4c-8a0c-722509cae42f'),('c2f1d687-497c-4ae0-9177-5f8f07766179','80dfa79c-b385-43f1-a2a4-6d8039b12b69'),('7ce9dada-9b8e-4fa8-a148-ace2d22c1a1c','0398bdf4-bc79-42d6-8109-017b826b4b39'),('7ce9dada-9b8e-4fa8-a148-ace2d22c1a1c','4a4d03ad-ae27-4f49-8289-260c62b1cd8d'),('80f66cd0-ed4d-4a3d-b398-d96b930eba85','2047a756-2f40-4c4c-8a0c-722509cae42f'),('80f66cd0-ed4d-4a3d-b398-d96b930eba85','a2b2192a-69b5-44ee-9ca0-0606aed1acce'),('80f66cd0-ed4d-4a3d-b398-d96b930eba85','b10def87-95b3-4846-9c05-8efafe36b225'),('80f66cd0-ed4d-4a3d-b398-d96b930eba85','ddeabd7a-2e66-4cf0-94b1-b10697094e9b'),('3996c3e0-94f0-47f3-ba96-ae8ab6eaf7b4','b10def87-95b3-4846-9c05-8efafe36b225'),('8431e299-d375-4c46-b577-31c680f82e96','ddeabd7a-2e66-4cf0-94b1-b10697094e9b'),('c2fa8814-e10d-4672-9cdc-e04ec7804433','9d297fff-deaa-4497-a8cc-ad056a383e6d'),('707d3266-ef95-4caa-841b-77b0d6175176','1e3a7065-d94a-4fc7-a608-1842f313c5ec'),('9d2de9aa-9add-4796-9f8e-cd8150df890d','9d297fff-deaa-4497-a8cc-ad056a383e6d'),('8b3faa72-e27b-4445-975e-a6224be06efc','aafd3f32-8209-4ea6-90db-41cc2294e50f'),('43ad4c55-aab4-43d3-8116-101c99fd6f0b','fdd6f089-28ff-4beb-8c97-bc7372e4566b'),('240c9250-2fe0-422c-b747-d44fd034bff0','143d0fd1-15eb-44a9-a098-588c6ea90196'),('54d4e5a4-c9f2-4e4e-b451-323edf2529d4','b3f9185d-81eb-4a82-ba6c-b385105d7e6d'),('88075902-715c-4af1-849f-47e8aedbb166','56f309e0-8f8f-436a-a17f-bc0062758db6'),('c74f6f42-ee3f-4fc9-a800-83398d8a7f20','bd655881-0d4b-460b-9fbd-ea577d3aa417'),('dcf380ed-95a0-48f8-b7da-255673647c7c','56f309e0-8f8f-436a-a17f-bc0062758db6'),('5b947e10-9ba6-4350-a776-4082c8d9ecd6','56f309e0-8f8f-436a-a17f-bc0062758db6'),('5b947e10-9ba6-4350-a776-4082c8d9ecd6','aafd3f32-8209-4ea6-90db-41cc2294e50f'),('599c36bd-792b-4d52-8f6b-21542d29b3c6','07ecefe5-eacc-40e7-b973-d91639a6e939');
/*!40000 ALTER TABLE `gamegenreelements` ENABLE KEYS */;
UNLOCK TABLES;

--
-- Table structure for table `gddconfiguration`
--

DROP TABLE IF EXISTS `gddconfiguration`;
/*!40101 SET @saved_cs_client     = @@character_set_client */;
/*!40101 SET character_set_client = utf8 */;
CREATE TABLE `gddconfiguration` (
  `Id` varchar(40) NOT NULL,
  `Title` varchar(255) DEFAULT NULL,
  `RegistrationDate` datetime DEFAULT NULL,
  `IsConstant` tinyint(1) DEFAULT NULL,
  `Inactive` tinyint(1) DEFAULT NULL,
  `idDesigner` varchar(40) DEFAULT NULL,
  `idGameGenre` varchar(40) DEFAULT NULL,
  PRIMARY KEY (`Id`),
  KEY `idDesigner` (`idDesigner`),
  KEY `idGameGenre` (`idGameGenre`),
  KEY `idDesigner_2` (`idDesigner`),
  KEY `idGameGenre_2` (`idGameGenre`),
  KEY `idDesigner_3` (`idDesigner`),
  KEY `idGameGenre_3` (`idGameGenre`),
  CONSTRAINT `FK9A34138F404F8A44` FOREIGN KEY (`idGameGenre`) REFERENCES `gamegenre` (`Id`),
  CONSTRAINT `FK9A34138F66E920A6` FOREIGN KEY (`idDesigner`) REFERENCES `designer` (`Id`),
  CONSTRAINT `FKDD576AD3638896E9` FOREIGN KEY (`idDesigner`) REFERENCES `designer` (`Id`),
  CONSTRAINT `FKDD576AD3DF369F58` FOREIGN KEY (`idGameGenre`) REFERENCES `gamegenre` (`Id`),
  CONSTRAINT `FKF8B7F89E638896E9` FOREIGN KEY (`idDesigner`) REFERENCES `designer` (`Id`),
  CONSTRAINT `FKF8B7F89EDF369F58` FOREIGN KEY (`idGameGenre`) REFERENCES `gamegenre` (`Id`)
) ENGINE=InnoDB DEFAULT CHARSET=utf8;
/*!40101 SET character_set_client = @saved_cs_client */;

--
-- Dumping data for table `gddconfiguration`
--

LOCK TABLES `gddconfiguration` WRITE;
/*!40000 ALTER TABLE `gddconfiguration` DISABLE KEYS */;
INSERT INTO `gddconfiguration` VALUES ('4abdc045-a2ef-424e-8ba1-373e5a32bde6','asasas','2018-04-13 16:37:01',0,1,NULL,'b8cd64e3-78da-41b1-b595-ab88050cc470'),('b51429d5-0fa9-44ff-bc5e-e301bc35a4ca','Default Adventure GDD','2018-02-21 14:57:45',1,0,NULL,'b8cd64e3-78da-41b1-b595-ab88050cc470'),('ff68d227-ace0-45c1-a179-79dd7ef6948b','Teste','2018-02-21 15:14:13',0,1,NULL,'b8cd64e3-78da-41b1-b595-ab88050cc470');
/*!40000 ALTER TABLE `gddconfiguration` ENABLE KEYS */;
UNLOCK TABLES;

--
-- Table structure for table `gddconfigurationelements`
--

DROP TABLE IF EXISTS `gddconfigurationelements`;
/*!40101 SET @saved_cs_client     = @@character_set_client */;
/*!40101 SET character_set_client = utf8 */;
CREATE TABLE `gddconfigurationelements` (
  `Id` varchar(40) NOT NULL,
  `Title` varchar(255) DEFAULT NULL,
  `Description` longtext,
  `idGddConfig` varchar(40) DEFAULT NULL,
  `idGddElement` varchar(40) DEFAULT NULL,
  `PresentationOrder` int(11) DEFAULT NULL,
  PRIMARY KEY (`Id`),
  KEY `idGddConfig` (`idGddConfig`),
  KEY `idGddElement` (`idGddElement`),
  KEY `idGddConfig_2` (`idGddConfig`),
  KEY `idGddElement_2` (`idGddElement`),
  KEY `idGddConfig_3` (`idGddConfig`),
  KEY `idGddElement_3` (`idGddElement`),
  CONSTRAINT `FKCF31B28414930EE8` FOREIGN KEY (`idGddConfig`) REFERENCES `gddconfiguration` (`Id`),
  CONSTRAINT `FKCF31B284D5642D33` FOREIGN KEY (`idGddElement`) REFERENCES `gddconfigurationelements` (`Id`),
  CONSTRAINT `FKE196894274F37DF8` FOREIGN KEY (`idGddConfig`) REFERENCES `gddconfiguration` (`Id`),
  CONSTRAINT `FKE1968942DE2D6E5D` FOREIGN KEY (`idGddElement`) REFERENCES `gddconfigurationelements` (`Id`),
  CONSTRAINT `FKEE07190714930EE8` FOREIGN KEY (`idGddConfig`) REFERENCES `gddconfiguration` (`Id`),
  CONSTRAINT `FKEE071907D5642D33` FOREIGN KEY (`idGddElement`) REFERENCES `gddconfigurationelements` (`Id`)
) ENGINE=InnoDB DEFAULT CHARSET=utf8;
/*!40101 SET character_set_client = @saved_cs_client */;

--
-- Dumping data for table `gddconfigurationelements`
--

LOCK TABLES `gddconfigurationelements` WRITE;
/*!40000 ALTER TABLE `gddconfigurationelements` DISABLE KEYS */;
INSERT INTO `gddconfigurationelements` VALUES ('240c9250-2fe0-422c-b747-d44fd034bff0','Scenarios (Places)',NULL,'b51429d5-0fa9-44ff-bc5e-e301bc35a4ca','f3b687a9-2a11-430e-824f-f40622c9de47',31),('34c0e84a-d732-4475-9147-a48d8fbc84a3','Gameplay, Story and Concepts','That page should include some paragraphs about the story, telling the environment, characters, goals and problems. The gameplay must describe a brief idea of the gameflow.','b51429d5-0fa9-44ff-bc5e-e301bc35a4ca',NULL,7),('3996c3e0-94f0-47f3-ba96-ae8ab6eaf7b4','Success - Game Overs',NULL,'b51429d5-0fa9-44ff-bc5e-e301bc35a4ca','b9cefcc6-5686-4fa9-8b00-1803bdecff90',17),('43ad4c55-aab4-43d3-8116-101c99fd6f0b','Environment','That item is the description of the game environment, the world, time, decades, etc.','b51429d5-0fa9-44ff-bc5e-e301bc35a4ca','f3b687a9-2a11-430e-824f-f40622c9de47',30),('54d4e5a4-c9f2-4e4e-b451-323edf2529d4','Game Rules',NULL,'b51429d5-0fa9-44ff-bc5e-e301bc35a4ca','68c54333-d620-4350-8744-75a99df26d65',34),('599c36bd-792b-4d52-8f6b-21542d29b3c6','Game Interactions',NULL,'b51429d5-0fa9-44ff-bc5e-e301bc35a4ca','c978907e-1b1e-4d27-abbd-46c79d17b684',25),('5afa8dd8-03df-42f1-946a-39a6b69299a6','Game Project Definitions','Incluse some images, if possible, title (logo) and contact information, platforms, target audience, classification genre and date.','b51429d5-0fa9-44ff-bc5e-e301bc35a4ca',NULL,1),('5b947e10-9ba6-4350-a776-4082c8d9ecd6','Rewards',NULL,'b51429d5-0fa9-44ff-bc5e-e301bc35a4ca','88075902-715c-4af1-849f-47e8aedbb166',37),('612e58e3-55e8-4793-be2e-b9d56c7041d3','te','te','ff68d227-ace0-45c1-a179-79dd7ef6948b',NULL,NULL),('68c54333-d620-4350-8744-75a99df26d65','Game Mechanics and Rules','Players and characters actions. Put here interactions among environment, characters, players, itens.','b51429d5-0fa9-44ff-bc5e-e301bc35a4ca',NULL,32),('707d3266-ef95-4caa-841b-77b0d6175176','Player(s)',NULL,'b51429d5-0fa9-44ff-bc5e-e301bc35a4ca','c978907e-1b1e-4d27-abbd-46c79d17b684',22),('7ce9dada-9b8e-4fa8-a148-ace2d22c1a1c','Tasks and Quests',NULL,'b51429d5-0fa9-44ff-bc5e-e301bc35a4ca','b9cefcc6-5686-4fa9-8b00-1803bdecff90',14),('80f66cd0-ed4d-4a3d-b398-d96b930eba85','Game Events',NULL,'b51429d5-0fa9-44ff-bc5e-e301bc35a4ca','b9cefcc6-5686-4fa9-8b00-1803bdecff90',15),('8431e299-d375-4c46-b577-31c680f82e96','Fails - Game Overs',NULL,'b51429d5-0fa9-44ff-bc5e-e301bc35a4ca','b9cefcc6-5686-4fa9-8b00-1803bdecff90',18),('865ce221-733d-48a2-8760-b9c6bd1dc905','Gameflow - Plot','How does the caracter evolve with the increase of difficulties? Here should be described the mechanics and the player feedback. And also, the gameflow and the sequence of facts.','b51429d5-0fa9-44ff-bc5e-e301bc35a4ca','34c0e84a-d732-4475-9147-a48d8fbc84a3',10),('88075902-715c-4af1-849f-47e8aedbb166','Game Feedbacks',NULL,'b51429d5-0fa9-44ff-bc5e-e301bc35a4ca','68c54333-d620-4350-8744-75a99df26d65',35),('8b3faa72-e27b-4445-975e-a6224be06efc','Itens and Objects',NULL,'b51429d5-0fa9-44ff-bc5e-e301bc35a4ca','c978907e-1b1e-4d27-abbd-46c79d17b684',24),('966e57e3-6c84-4ad9-9e2c-1a99eaacd690','Project Story',NULL,'b51429d5-0fa9-44ff-bc5e-e301bc35a4ca','5afa8dd8-03df-42f1-946a-39a6b69299a6',3),('9d2de9aa-9add-4796-9f8e-cd8150df890d','Enemies and Bosses',NULL,'b51429d5-0fa9-44ff-bc5e-e301bc35a4ca','c978907e-1b1e-4d27-abbd-46c79d17b684',23),('a19fa032-6ee9-47d7-ad77-b2e99bfd014b','Game Story Abstract',NULL,'b51429d5-0fa9-44ff-bc5e-e301bc35a4ca','34c0e84a-d732-4475-9147-a48d8fbc84a3',9),('a6387f05-de07-4b04-b8cd-376f47e1b0b8','Problems, Challenges and Motivations',NULL,'b51429d5-0fa9-44ff-bc5e-e301bc35a4ca','34c0e84a-d732-4475-9147-a48d8fbc84a3',11),('aeebed44-a0a0-4927-b263-fd8328940b51','Theme',NULL,'b51429d5-0fa9-44ff-bc5e-e301bc35a4ca','34c0e84a-d732-4475-9147-a48d8fbc84a3',8),('af4875c7-2302-4001-b697-36d2ee323b5b','Genre',NULL,'b51429d5-0fa9-44ff-bc5e-e301bc35a4ca','5afa8dd8-03df-42f1-946a-39a6b69299a6',4),('b9cefcc6-5686-4fa9-8b00-1803bdecff90','Gameplay Concepts and Playability','Game features','b51429d5-0fa9-44ff-bc5e-e301bc35a4ca',NULL,13),('c2f1d687-497c-4ae0-9177-5f8f07766179','Goals and Objectives',NULL,'b51429d5-0fa9-44ff-bc5e-e301bc35a4ca','34c0e84a-d732-4475-9147-a48d8fbc84a3',12),('c2fa8814-e10d-4672-9cdc-e04ec7804433','Characters',NULL,'b51429d5-0fa9-44ff-bc5e-e301bc35a4ca','c978907e-1b1e-4d27-abbd-46c79d17b684',21),('c74f6f42-ee3f-4fc9-a800-83398d8a7f20','Game Flow',NULL,'b51429d5-0fa9-44ff-bc5e-e301bc35a4ca','b9cefcc6-5686-4fa9-8b00-1803bdecff90',16),('c978907e-1b1e-4d27-abbd-46c79d17b684','Characters, Objects and Controls','Who control the player? What is the story? Are the some power ups? What are the palyer actions? Who are the characters and their stories?','b51429d5-0fa9-44ff-bc5e-e301bc35a4ca',NULL,20),('d8863478-eb24-4de1-a1b7-449d25c5b7ae','Scenes, Materials and Bonus','Is possible to make conversations and imaginate scenes among the characters here.','b51429d5-0fa9-44ff-bc5e-e301bc35a4ca',NULL,39),('dcf380ed-95a0-48f8-b7da-255673647c7c','Tasks and Quests Feedbacks',NULL,'b51429d5-0fa9-44ff-bc5e-e301bc35a4ca','88075902-715c-4af1-849f-47e8aedbb166',36),('e6d9173f-53a0-4fdc-adab-8f2393760c99','Game Messages',NULL,'b51429d5-0fa9-44ff-bc5e-e301bc35a4ca','88075902-715c-4af1-849f-47e8aedbb166',38),('ebfc8214-28ab-4aae-ae3b-bbe4e12193da','Game Abstract',NULL,'b51429d5-0fa9-44ff-bc5e-e301bc35a4ca','5afa8dd8-03df-42f1-946a-39a6b69299a6',6),('f2b2214b-b0ed-4484-a40d-d036b3ea1606','Title',NULL,'b51429d5-0fa9-44ff-bc5e-e301bc35a4ca','5afa8dd8-03df-42f1-946a-39a6b69299a6',2),('f3b687a9-2a11-430e-824f-f40622c9de47','Game World','Where does the game pass? What are the game environments and places? Put the plot here. ','b51429d5-0fa9-44ff-bc5e-e301bc35a4ca',NULL,29),('f6a94e40-0c55-4f4e-84a7-c384035c1d34','Target Audience',NULL,'b51429d5-0fa9-44ff-bc5e-e301bc35a4ca','5afa8dd8-03df-42f1-946a-39a6b69299a6',5),('f8ac2483-6960-4c05-9dfc-970ea0863e04','Player / Characters Actions',NULL,'b51429d5-0fa9-44ff-bc5e-e301bc35a4ca','68c54333-d620-4350-8744-75a99df26d65',33);
/*!40000 ALTER TABLE `gddconfigurationelements` ENABLE KEYS */;
UNLOCK TABLES;

--
-- Table structure for table `modelinglanguage`
--

DROP TABLE IF EXISTS `modelinglanguage`;
/*!40101 SET @saved_cs_client     = @@character_set_client */;
/*!40101 SET character_set_client = utf8 */;
CREATE TABLE `modelinglanguage` (
  `Id` varchar(40) NOT NULL,
  `Name` varchar(255) DEFAULT NULL,
  `Description` varchar(255) DEFAULT NULL,
  `Version` varchar(255) DEFAULT NULL,
  `RegisterDate` datetime DEFAULT NULL,
  `IsConstant` tinyint(1) DEFAULT NULL,
  `Inactive` tinyint(1) DEFAULT NULL,
  `idDesigner` varchar(40) DEFAULT NULL,
  PRIMARY KEY (`Id`),
  KEY `idDesigner` (`idDesigner`),
  KEY `idDesigner_2` (`idDesigner`),
  KEY `idDesigner_3` (`idDesigner`),
  CONSTRAINT `FK29C26C96638896E9` FOREIGN KEY (`idDesigner`) REFERENCES `designer` (`Id`),
  CONSTRAINT `FK29F3EC96638896E9` FOREIGN KEY (`idDesigner`) REFERENCES `designer` (`Id`),
  CONSTRAINT `FKFC49570D66E920A6` FOREIGN KEY (`idDesigner`) REFERENCES `designer` (`Id`)
) ENGINE=InnoDB DEFAULT CHARSET=utf8;
/*!40101 SET character_set_client = @saved_cs_client */;

--
-- Dumping data for table `modelinglanguage`
--

LOCK TABLES `modelinglanguage` WRITE;
/*!40000 ALTER TABLE `modelinglanguage` DISABLE KEYS */;
INSERT INTO `modelinglanguage` VALUES ('757a18f6-daaa-464e-a205-d10e8e9fe1c2','BPMN Copy','BPMN Copy\n [Copied from: BPMN and Othes Process Elements]','2.0','2018-01-26 14:29:47',0,1,NULL),('79aab718-d864-4cbc-8d61-84004f443793','2','2\n [Copied from: BPMN and Othes Process Elements]','2.0','2018-01-26 14:37:52',0,1,NULL),('b8b1b942-ac76-4752-abad-594aefdc463f','BPMN and Othes Process Elements','Business Process Modeling Notation Elements, and also some elements like goals, localizations, instances...','2.0','2017-12-26 08:51:37',1,0,NULL),('d106b0bf-f0fd-4dec-b17e-45cd43422b5c','files','x','1','2018-04-13 16:09:07',0,1,NULL);
/*!40000 ALTER TABLE `modelinglanguage` ENABLE KEYS */;
UNLOCK TABLES;

--
-- Table structure for table `modelinglanguageelement`
--

DROP TABLE IF EXISTS `modelinglanguageelement`;
/*!40101 SET @saved_cs_client     = @@character_set_client */;
/*!40101 SET character_set_client = utf8 */;
CREATE TABLE `modelinglanguageelement` (
  `Id` varchar(40) NOT NULL,
  `Name` varchar(255) DEFAULT NULL,
  `Description` longtext,
  `Metamodel` varchar(255) DEFAULT NULL,
  `idElement` varchar(40) DEFAULT NULL,
  `idLanguage` varchar(40) DEFAULT NULL,
  `RuleAbbled` tinyint(1) DEFAULT NULL,
  `Inactive` tinyint(1) DEFAULT NULL,
  PRIMARY KEY (`Id`),
  KEY `idElement` (`idElement`),
  KEY `idLanguage` (`idLanguage`),
  KEY `idElement_2` (`idElement`),
  KEY `idLanguage_2` (`idLanguage`),
  KEY `idElement_3` (`idElement`),
  KEY `idLanguage_3` (`idLanguage`),
  CONSTRAINT `FK52D1644F1E209D62` FOREIGN KEY (`idLanguage`) REFERENCES `modelinglanguage` (`Id`),
  CONSTRAINT `FK52D1644FFBF1887E` FOREIGN KEY (`idElement`) REFERENCES `modelinglanguageelement` (`Id`),
  CONSTRAINT `FK7783E0701E209D62` FOREIGN KEY (`idLanguage`) REFERENCES `modelinglanguage` (`Id`),
  CONSTRAINT `FK7783E070FBF1887E` FOREIGN KEY (`idElement`) REFERENCES `modelinglanguageelement` (`Id`),
  CONSTRAINT `FKB2EB530BA7698927` FOREIGN KEY (`idLanguage`) REFERENCES `modelinglanguage` (`Id`),
  CONSTRAINT `FKB2EB530BD5489FE1` FOREIGN KEY (`idElement`) REFERENCES `modelinglanguageelement` (`Id`)
) ENGINE=InnoDB DEFAULT CHARSET=utf8;
/*!40101 SET character_set_client = @saved_cs_client */;

--
-- Dumping data for table `modelinglanguageelement`
--

LOCK TABLES `modelinglanguageelement` WRITE;
/*!40000 ALTER TABLE `modelinglanguageelement` DISABLE KEYS */;
INSERT INTO `modelinglanguageelement` VALUES ('04045f2b-07ce-46ce-aad1-4460d3ccfa37','Data Association Flow (Input)','It represents the connection between resources and flow elements.','bpmn:dataInputAssociation',NULL,'79aab718-d864-4cbc-8d61-84004f443793',0,0),('046b189c-75b1-4f09-9d29-df91b8e2ca93','Rules (not in BPMN)','The rules guide the process execution, interaction, courses and conditions.',NULL,NULL,'b8b1b942-ac76-4752-abad-594aefdc463f',NULL,0),('0c3656c1-86bf-45f7-b41f-e57c1f76fea9','Data Association Flow (Output)','It represents the connection between resources and flow elements.','bpmn:dataOutputAssociation',NULL,'757a18f6-daaa-464e-a205-d10e8e9fe1c2',0,0),('0f8d74ce-6ec3-472b-9b7f-f106b901b442','Annotations','Annotations and comments about the process.','bpmn:textAnnotation',NULL,'79aab718-d864-4cbc-8d61-84004f443793',0,0),('10a1ab6b-3184-4d24-b55a-bcde30861ead','Data Object (Resource)','It respresents data objects as files, forms and etc.','bpmn:dataObjectReference',NULL,'b8b1b942-ac76-4752-abad-594aefdc463f',NULL,0),('146d0ea3-e217-4042-b047-8aba5e34891b','Service Task','It is a task performed by a service','bpmn:serviceTask','d2e065f5-f397-4681-915e-733b1e42c9d4','79aab718-d864-4cbc-8d61-84004f443793',0,0),('14ed9e30-b664-4583-93d9-3473106335fd','Localization (not in BPMN)','Places and physics locals in the organization',NULL,NULL,'b8b1b942-ac76-4752-abad-594aefdc463f',NULL,0),('15f6ad79-5ae6-4519-b99b-42d602e0206d','Boundary Event','It is some event triggered inside of activities that can change the process flow or create parallel flows when its occour.','bpmn:boundaryEvent',NULL,'79aab718-d864-4cbc-8d61-84004f443793',0,0),('19b1df44-be4c-4d1e-821d-07f848347f27','Sequence Flow','It represents a sequential temporal order of tasks.','bpmn:sequenceFlow',NULL,'79aab718-d864-4cbc-8d61-84004f443793',0,0),('1e6c7e18-7373-4c2e-8da7-cd7d22d3e943','User Task','It is a task performed by an user','bpmn:userTask','26345c60-b7be-4098-ab36-d5b075aad479','b8b1b942-ac76-4752-abad-594aefdc463f',NULL,0),('1e8bbb66-49ac-4cfa-b4ca-2d68bdd5c28a','User Task','It is a task performed by an user','bpmn:userTask','d2e065f5-f397-4681-915e-733b1e42c9d4','79aab718-d864-4cbc-8d61-84004f443793',0,0),('20f6985a-6dcd-4c6d-ad64-4c1013ed7326','Instances or Courses (not in BPMN)','This is some path (course) performed in the process.',NULL,NULL,'79aab718-d864-4cbc-8d61-84004f443793',0,0),('222cff41-7d04-4315-ade4-619faa28f5e6','Data Association Flow (Output)','It represents the connection between resources and flow elements.','bpmn:dataOutputAssociation',NULL,'79aab718-d864-4cbc-8d61-84004f443793',0,0),('26345c60-b7be-4098-ab36-d5b075aad479','Task','They are simple activities performed by once.','bpmn:task',NULL,'b8b1b942-ac76-4752-abad-594aefdc463f',NULL,0),('286a5077-47b0-46c9-9f68-19a392952219','Intermediate Event (Throw)','It this some happening that can change the process flow (throw)','bpmn:intermediateThrowEvent',NULL,'757a18f6-daaa-464e-a205-d10e8e9fe1c2',0,0),('287d871e-b0d2-4009-a513-443536e8859e','Sub Process','It is a composed activitie, that have into sequences of others tasks.','bpmn:subProcess',NULL,'79aab718-d864-4cbc-8d61-84004f443793',0,0),('2c38050e-7a27-4da1-bae0-d77f1c5bb6b4','Task','They are simple activities performed by once.','bpmn:task',NULL,'757a18f6-daaa-464e-a205-d10e8e9fe1c2',0,0),('2c6020cf-d778-4c60-913e-605c2888b24d','Script Task','It is a task performed by a script','bpmn:scriptTask',NULL,'757a18f6-daaa-464e-a205-d10e8e9fe1c2',0,0),('2c8fbf84-6866-471a-8c50-abb8dfba511e','Data Store (Resource)','It represents system data, data bases, and stores.','bpmn:dataStoreReference',NULL,'79aab718-d864-4cbc-8d61-84004f443793',0,0),('2f2f51f2-24dd-4678-b814-18bf52e963f9','Lane','Person or department responsable for execute activites.','bpmn:lane',NULL,'757a18f6-daaa-464e-a205-d10e8e9fe1c2',0,0),('31eadc22-0fd8-45ba-b15a-fa822aaeda38','Intermediate Event (Throw)','It this some happening that can change the process flow (throw)','bpmn:intermediateThrowEvent',NULL,'b8b1b942-ac76-4752-abad-594aefdc463f',NULL,0),('369bd4a5-10e3-4f57-829e-99e4e797c18d','Exclusive Gateway','It is conditions creating unique path in the process follow some condition.','bpmn:exclusiveGateway',NULL,'757a18f6-daaa-464e-a205-d10e8e9fe1c2',0,0),('38c1f1c3-44cf-4ca6-979f-8bb0c445cb5a','Data Object (Resource)','It respresents data objects as files, forms and etc.','bpmn:dataObjectReference',NULL,'79aab718-d864-4cbc-8d61-84004f443793',0,0),('3b7d9e17-b93f-46a6-8f1b-164bb01478b1','Goals (not in BPMN)','Goal to reach with the process.',NULL,NULL,'79aab718-d864-4cbc-8d61-84004f443793',0,0),('4078f22f-f1bf-4a05-883b-1cd256e40791','Localization (not in BPMN)','Places and physics locals in the organization',NULL,'4b917ff1-46f0-4c1c-b6a2-47a3083b34a5','757a18f6-daaa-464e-a205-d10e8e9fe1c2',0,0),('45a8a364-d28d-4eab-8b65-4bf28f5bcf68','Data Store (Resource)','It represents system data, data bases, and stores.','bpmn:dataStoreReference',NULL,'b8b1b942-ac76-4752-abad-594aefdc463f',NULL,0),('4822d38b-bc95-4c51-8897-6adfefc1be8a','Pool or Participant (Black Box)','Hide process model or some process participant.','bpmn:participant',NULL,'79aab718-d864-4cbc-8d61-84004f443793',0,0),('4a67bdd8-7195-4269-8ba7-f0dff4db26cc','Script Task','It is a task performed by a script','bpmn:scriptTask','26345c60-b7be-4098-ab36-d5b075aad479','b8b1b942-ac76-4752-abad-594aefdc463f',NULL,0),('4b917ff1-46f0-4c1c-b6a2-47a3083b34a5','Rules (not in BPMN)','The rules guide the process execution, interaction, courses and conditions.',NULL,NULL,'757a18f6-daaa-464e-a205-d10e8e9fe1c2',0,0),('4d9002e4-09c2-48ee-8d11-321c79f098ba','Localization (not in BPMN)','Places and physics locals in the organization',NULL,NULL,'79aab718-d864-4cbc-8d61-84004f443793',0,0),('4e0e1831-1664-4142-8320-dbcca67a2221','Pool or Participant (Black Box)','Hide process model or some process participant.','bpmn:participant',NULL,'757a18f6-daaa-464e-a205-d10e8e9fe1c2',0,0),('53a73fb7-2c6a-47d7-9349-fc220bdd3ea4','Instances or Courses (not in BPMN)','This is some path (course) performed in the process.',NULL,'4b917ff1-46f0-4c1c-b6a2-47a3083b34a5','757a18f6-daaa-464e-a205-d10e8e9fe1c2',0,0),('57139e89-7ab9-4093-be03-531899914b46','End Event','Final happening of the process','bpmn:endEvent',NULL,'757a18f6-daaa-464e-a205-d10e8e9fe1c2',0,0),('5b21d565-5a99-4951-b3a3-5c86399d8697','Business Rule Task','It task describe a process rule','bpmn:businessRuleTask','26345c60-b7be-4098-ab36-d5b075aad479','b8b1b942-ac76-4752-abad-594aefdc463f',NULL,0),('619d6ac9-46ee-41cb-91d2-9c4ae12bff87','Message Flow','It indicates the communication among different pols.','bpmn:messageFlow',NULL,'79aab718-d864-4cbc-8d61-84004f443793',0,0),('61e85b4a-0ac7-4295-a8ba-150bd591b097','Start Event','Initial happening of the process','bpmn:startEvent',NULL,'757a18f6-daaa-464e-a205-d10e8e9fe1c2',0,0),('65e75f2d-86ec-47ad-862f-80e6f568d60f','Exclusive Gateway','It is conditions creating unique path in the process follow some condition.','bpmn:exclusiveGateway',NULL,'b8b1b942-ac76-4752-abad-594aefdc463f',NULL,0),('66d7087e-764e-4e80-829b-c1522f96ae3c','Start Event','Initial happening of the process','bpmn:startEvent',NULL,'b8b1b942-ac76-4752-abad-594aefdc463f',NULL,0),('6cd67729-8cf0-49de-8479-3024b5573db1','Parallel Gateway','It is conditions creating parallel path in the process','bpmn:parallelGateway',NULL,'79aab718-d864-4cbc-8d61-84004f443793',0,0),('6d1a84ee-e27e-41f6-a482-c7aa8eb74fff','Business Rule Task','It task describe a process rule','bpmn:businessRuleTask',NULL,'757a18f6-daaa-464e-a205-d10e8e9fe1c2',0,0),('6ece1a62-84b4-4081-a7b3-ee7be3d0ce51','Data Association Flow (Input)','It represents the connection between resources and flow elements.','bpmn:dataInputAssociation',NULL,'757a18f6-daaa-464e-a205-d10e8e9fe1c2',0,0),('6fe26812-b126-41e5-aa7a-b7012b55ce6e','Rules (not in BPMN)','The rules guide the process execution, interaction, courses and conditions.',NULL,NULL,'79aab718-d864-4cbc-8d61-84004f443793',0,0),('71ab38ff-9bad-4871-98ad-904f21499038','Exclusive Gateway','It is conditions creating unique path in the process follow some condition.','bpmn:exclusiveGateway',NULL,'79aab718-d864-4cbc-8d61-84004f443793',0,0),('7219709c-baff-4e21-a284-54ad175eb50f','Pool or Participant','Sequence of activities to reach business goals, or some participant of the process.','bpmn:process',NULL,'79aab718-d864-4cbc-8d61-84004f443793',0,0),('731bfdaf-59d2-48bb-9a41-179a42f36176','Sub Process','It is a composed activitie, that have into sequences of others tasks.','bpmn:subProcess',NULL,'b8b1b942-ac76-4752-abad-594aefdc463f',NULL,0),('7372cd4f-3cd3-4085-8994-2d33751f696f','Start Event','Initial happening of the process','bpmn:startEvent',NULL,'79aab718-d864-4cbc-8d61-84004f443793',0,0),('75ade56d-4bd4-4cf6-8f4b-0fa26cd08862','End Event','Final happening of the process','bpmn:endEvent',NULL,'79aab718-d864-4cbc-8d61-84004f443793',0,0),('7780c25a-0962-4049-947d-042ab671fdcf','Annotations','Annotations and comments about the process.','bpmn:textAnnotation',NULL,'b8b1b942-ac76-4752-abad-594aefdc463f',NULL,0),('84ed18ea-1824-4b3e-a54d-38080b1af471','Send Task','It is a task to send sometinh','bpmn:sendTask','d2e065f5-f397-4681-915e-733b1e42c9d4','79aab718-d864-4cbc-8d61-84004f443793',0,0),('8a41aa9e-c368-4101-988c-e06b7dc669b3','Sequence Flow','It represents a sequential temporal order of tasks.','bpmn:sequenceFlow',NULL,'b8b1b942-ac76-4752-abad-594aefdc463f',NULL,0),('8e129a08-7f60-4aa8-a6ee-f538bef0cbaf','Parallel Gateway','It is conditions creating parallel path in the process','bpmn:parallelGateway',NULL,'757a18f6-daaa-464e-a205-d10e8e9fe1c2',0,0),('8fb31f6b-3955-447e-a6a6-657d26f0e78e','Pool or Participant','Sequence of activities to reach business goals, or some participant of the process.','bpmn:process',NULL,'b8b1b942-ac76-4752-abad-594aefdc463f',NULL,0),('947cd243-2d5b-474d-9fac-33d9de36c2e5','Data Object (Resource)','It respresents data objects as files, forms and etc.','bpmn:dataObjectReference',NULL,'757a18f6-daaa-464e-a205-d10e8e9fe1c2',0,0),('974a8cfe-d0d6-4bce-ab7a-441a8b4126b3','Manual Task','It is a task perfoemed through manual way','bpmn:manualTask',NULL,'757a18f6-daaa-464e-a205-d10e8e9fe1c2',0,0),('98b8139a-f94a-4a2d-9037-340a8f1b1a1e','Receive Task','It is a task to receive something','bpmn:receiveTask',NULL,'757a18f6-daaa-464e-a205-d10e8e9fe1c2',0,0),('992c92d5-1e08-4a00-ab4d-59856c83647a','Boundary Event','It is some event triggered inside of activities that can change the process flow or create parallel flows when its occour.','bpmn:boundaryEvent',NULL,'b8b1b942-ac76-4752-abad-594aefdc463f',0,0),('9ebe6f66-8f94-42b5-ab97-8b8b71201395','Parallel Gateway','It is conditions creating parallel path in the process','bpmn:parallelGateway',NULL,'b8b1b942-ac76-4752-abad-594aefdc463f',NULL,0),('9fe13031-48cb-404b-be9e-efbad426f26d','Receive Task','It is a task to receive something','bpmn:receiveTask','26345c60-b7be-4098-ab36-d5b075aad479','b8b1b942-ac76-4752-abad-594aefdc463f',NULL,0),('a6e2da4c-8b05-49c8-8406-467f4a47906b','Instances or Courses (not in BPMN)','This is some path (course) performed in the process.',NULL,NULL,'b8b1b942-ac76-4752-abad-594aefdc463f',NULL,0),('aca11f49-5c32-47cc-93b2-8c815fbd5808','Intermediate Event (Catch)','It this some happening that can change the process flow (catch)','bpmn:intermediateCatchEvent',NULL,'b8b1b942-ac76-4752-abad-594aefdc463f',NULL,0),('ae8fd939-7845-4c45-9091-f46511fa77f9','Data Store (Resource)','It represents system data, data bases, and stores.','bpmn:dataStoreReference',NULL,'757a18f6-daaa-464e-a205-d10e8e9fe1c2',0,0),('af3af5ed-67f6-4ed9-b86b-e1c7861f091b','Pool or Participant (Black Box)','Hide process model or some process participant.','bpmn:participant',NULL,'b8b1b942-ac76-4752-abad-594aefdc463f',NULL,0),('b13c843c-fcff-4ce6-ba2f-7177ca4bba14','Inlcusive Gateway','It perform one or many paths in the process follwoing rules.','bpmn:inclusiveGateway',NULL,'79aab718-d864-4cbc-8d61-84004f443793',0,0),('b1d8112b-48bb-4460-a043-59c182e65139','Goals (not in BPMN)','Goal to reach with the process.',NULL,NULL,'b8b1b942-ac76-4752-abad-594aefdc463f',NULL,0),('b6f2efde-7e32-4614-b565-76d65cd9b781','Data Association Flow (Input)','It represents the connection between resources and flow elements.','bpmn:dataInputAssociation',NULL,'b8b1b942-ac76-4752-abad-594aefdc463f',NULL,0),('b8ae2e4b-b60f-4e13-ad1d-8faba0cb2f42','Receive Task','It is a task to receive something','bpmn:receiveTask','d2e065f5-f397-4681-915e-733b1e42c9d4','79aab718-d864-4cbc-8d61-84004f443793',0,0),('ba169fb0-5b52-485d-a489-37ae3730e77c','Intermediate Event (Catch)','It this some happening that can change the process flow (catch)','bpmn:intermediateCatchEvent',NULL,'79aab718-d864-4cbc-8d61-84004f443793',0,0),('c0b6681c-d6e5-40c9-970b-22402562dd87','Inlcusive Gateway','It perform one or many paths in the process follwoing rules.','bpmn:inclusiveGateway',NULL,'757a18f6-daaa-464e-a205-d10e8e9fe1c2',0,0),('c4212b2f-10dd-41f8-b7c6-bf57b7c64d47','Message Flow','It indicates the communication among different pols.','bpmn:messageFlow',NULL,'757a18f6-daaa-464e-a205-d10e8e9fe1c2',0,0),('ca3857e5-d338-48de-9ed0-1f783c237a16','Intermediate Event (Throw)','It this some happening that can change the process flow (throw)','bpmn:intermediateThrowEvent',NULL,'79aab718-d864-4cbc-8d61-84004f443793',0,0),('cce12713-1de1-4927-877c-030394691ea1','Inlcusive Gateway','It perform one or many paths in the process follwoing rules.','bpmn:inclusiveGateway',NULL,'b8b1b942-ac76-4752-abad-594aefdc463f',NULL,0),('cf03ce15-6a5a-469c-a143-d400166fe0ac','Service Task','It is a task performed by a service','bpmn:serviceTask','26345c60-b7be-4098-ab36-d5b075aad479','b8b1b942-ac76-4752-abad-594aefdc463f',NULL,0),('d022e66f-712a-498b-9ca1-41ac385a5782','Script Task','It is a task performed by a script','bpmn:scriptTask','d2e065f5-f397-4681-915e-733b1e42c9d4','79aab718-d864-4cbc-8d61-84004f443793',0,0),('d0df569b-965f-4750-a2cb-4c107febfb10','User Task','It is a task performed by an user','bpmn:userTask',NULL,'757a18f6-daaa-464e-a205-d10e8e9fe1c2',0,0),('d2e065f5-f397-4681-915e-733b1e42c9d4','Task','They are simple activities performed by once.','bpmn:task',NULL,'79aab718-d864-4cbc-8d61-84004f443793',0,0),('d58edbab-02a2-4331-a08f-a33d3fc885df','Lane','Person or department responsable for execute activites.','bpmn:lane',NULL,'79aab718-d864-4cbc-8d61-84004f443793',0,0),('d7ab2b28-d4d8-4439-8d2e-ab3ee8bdff8f','Service Task','It is a task performed by a service','bpmn:serviceTask',NULL,'757a18f6-daaa-464e-a205-d10e8e9fe1c2',0,0),('d90c7f20-881a-446d-a4cc-a7743f701c66','X','X','X',NULL,'d106b0bf-f0fd-4dec-b17e-45cd43422b5c',0,0),('db31d8aa-53c6-4f8b-b7c1-add9b805ff5a','Boundary Event','It is some event triggered inside of activities that can change the process flow or create parallel flows when its occour.','bpmn:boundaryEvent',NULL,'757a18f6-daaa-464e-a205-d10e8e9fe1c2',0,0),('dc029987-fd24-489c-923a-31680c1569ec','Data Association Flow (Output)','It represents the connection between resources and flow elements.','bpmn:dataOutputAssociation',NULL,'b8b1b942-ac76-4752-abad-594aefdc463f',NULL,0),('dcac9d99-0ad7-4a64-b1c2-97782c4ea189','End Event','Final happening of the process','bpmn:endEvent',NULL,'b8b1b942-ac76-4752-abad-594aefdc463f',NULL,0),('dd298a35-2496-4036-9824-afed28d9d8de','Sequence Flow','It represents a sequential temporal order of tasks.','bpmn:sequenceFlow',NULL,'757a18f6-daaa-464e-a205-d10e8e9fe1c2',0,0),('ddb5783e-bc64-4aa6-96e8-381d16e8f347','Send Task','It is a task to send sometinh','bpmn:sendTask',NULL,'757a18f6-daaa-464e-a205-d10e8e9fe1c2',0,0),('e3a5f4dc-5d8a-4f1e-8ad3-f5323ecb19fc','Manual Task','It is a task perfoemed through manual way','bpmn:manualTask','26345c60-b7be-4098-ab36-d5b075aad479','b8b1b942-ac76-4752-abad-594aefdc463f',NULL,0),('e6419fe2-9873-40b2-82f9-d4628c9865b0','Sub Process','It is a composed activitie, that have into sequences of others tasks.','bpmn:subProcess',NULL,'757a18f6-daaa-464e-a205-d10e8e9fe1c2',0,0),('e733e91c-99a0-4eee-ab84-65f79b56b5e7','Message Flow','It indicates the communication among different pols.','bpmn:messageFlow',NULL,'b8b1b942-ac76-4752-abad-594aefdc463f',NULL,0),('e9196dc4-01e8-47de-8c72-203546dbefdb','Annotations','Annotations and comments about the process.','bpmn:textAnnotation',NULL,'757a18f6-daaa-464e-a205-d10e8e9fe1c2',0,0),('e9524f1e-ea42-4a61-9cdc-84605e673607','Lane','Person or department responsable for execute activites.','bpmn:lane',NULL,'b8b1b942-ac76-4752-abad-594aefdc463f',NULL,0),('e9eb9120-dc07-4965-9bba-4b79b8b3f953','Business Rule Task','It task describe a process rule','bpmn:businessRuleTask','d2e065f5-f397-4681-915e-733b1e42c9d4','79aab718-d864-4cbc-8d61-84004f443793',0,0),('ea721987-9804-41f7-a4c4-45e5757aa979','Pool or Participant','Sequence of activities to reach business goals, or some participant of the process.','bpmn:process',NULL,'757a18f6-daaa-464e-a205-d10e8e9fe1c2',0,0),('eaf49be7-78bd-4621-8dbb-a4e9591550e9','Manual Task','It is a task perfoemed through manual way','bpmn:manualTask','d2e065f5-f397-4681-915e-733b1e42c9d4','79aab718-d864-4cbc-8d61-84004f443793',0,0),('ed91441b-2f00-47eb-8617-4aea53ba2554','Intermediate Event (Catch)','It this some happening that can change the process flow (catch)','bpmn:intermediateCatchEvent',NULL,'757a18f6-daaa-464e-a205-d10e8e9fe1c2',0,0),('f4ea44fc-e940-46db-b2f6-75909a0bf41f','i','i','i','d90c7f20-881a-446d-a4cc-a7743f701c66','d106b0bf-f0fd-4dec-b17e-45cd43422b5c',0,0),('f786738e-a5ff-46a0-81c9-94ce5ce9e114','Goals (not in BPMN)','Goal to reach with the process.',NULL,'4b917ff1-46f0-4c1c-b6a2-47a3083b34a5','757a18f6-daaa-464e-a205-d10e8e9fe1c2',0,0),('faadf43a-5bab-4ac8-898a-c5287d163bc2','Send Task','It is a task to send sometinh','bpmn:sendTask','26345c60-b7be-4098-ab36-d5b075aad479','b8b1b942-ac76-4752-abad-594aefdc463f',NULL,0);
/*!40000 ALTER TABLE `modelinglanguageelement` ENABLE KEYS */;
UNLOCK TABLES;

--
-- Table structure for table `project`
--

DROP TABLE IF EXISTS `project`;
/*!40101 SET @saved_cs_client     = @@character_set_client */;
/*!40101 SET character_set_client = utf8 */;
CREATE TABLE `project` (
  `Id` varchar(40) NOT NULL,
  `Title` varchar(255) DEFAULT NULL,
  `Description` longtext,
  `StartDate` datetime DEFAULT NULL,
  `LastUpdate` datetime DEFAULT NULL,
  `BpmnModelPath` varchar(255) DEFAULT NULL,
  `BpmnModel` longblob,
  `Inactive` tinyint(1) DEFAULT NULL,
  `idDesigner` varchar(40) DEFAULT NULL,
  `idGameGenre` varchar(40) DEFAULT NULL,
  PRIMARY KEY (`Id`),
  KEY `idDesigner` (`idDesigner`),
  KEY `idDesigner_2` (`idDesigner`),
  KEY `idGameGenre` (`idGameGenre`),
  KEY `idDesigner_3` (`idDesigner`),
  KEY `idGameGenre_2` (`idGameGenre`),
  CONSTRAINT `FKB269322166E920A6` FOREIGN KEY (`idDesigner`) REFERENCES `designer` (`Id`),
  CONSTRAINT `FKCFC6D47A638896E9` FOREIGN KEY (`idDesigner`) REFERENCES `designer` (`Id`),
  CONSTRAINT `FKCFC6D47ADF369F58` FOREIGN KEY (`idGameGenre`) REFERENCES `gamegenre` (`Id`),
  CONSTRAINT `FKCFC6D85A638896E9` FOREIGN KEY (`idDesigner`) REFERENCES `designer` (`Id`),
  CONSTRAINT `FKCFC6D85ADF369F58` FOREIGN KEY (`idGameGenre`) REFERENCES `gamegenre` (`Id`)
) ENGINE=InnoDB DEFAULT CHARSET=utf8;
/*!40101 SET character_set_client = @saved_cs_client */;

--
-- Dumping data for table `project`
--

LOCK TABLES `project` WRITE;
/*!40000 ALTER TABLE `project` DISABLE KEYS */;
INSERT INTO `project` VALUES ('26241819-0d37-45cb-9a1b-98df2f0fb2d6','Tadeu Teste','Tadeu','2018-05-11 14:47:48','2018-05-11 14:47:48','h:\\root\\home\\tadeuunirio-001\\www\\site1\\files\\bpmn\\26241819-0d37-45cb-9a1b-98df2f0fb2d6.txt',NULL,1,'93ec0d75-d9ea-4982-9864-9b81d215cb95','b8cd64e3-78da-41b1-b595-ab88050cc470'),('26ced308-f385-48d2-9c50-e30577933978','Solicitação de PROUNI','Game de aventura sobre o processo de solicitação das bolas de estudo do PROUNI, com o objetivo de informar o cidadão brasileiro alvo deste serviço, sobre suas particularidades, etapas, documentações e dificuldades.','2018-05-17 05:20:21','2018-05-17 05:20:21','h:\\root\\home\\tadeuunirio-001\\www\\site1\\files\\bpmn\\26ced308-f385-48d2-9c50-e30577933978.txt',NULL,0,'93ec0d75-d9ea-4982-9864-9b81d215cb95','b8cd64e3-78da-41b1-b595-ab88050cc470'),('312f9cd9-c742-4a57-bbe1-fbe81aed142e','Alistamento Militar Brasileiro','Game de aventura sobre o processo de alistamento militar brasileiro, com o objetivo de informar o cidadão brasileiro alvo deste serviço, sobre suas particularidades, etapas, documentações e dificuldades.','2018-05-17 05:19:14','2018-05-17 05:19:14','h:\\root\\home\\tadeuunirio-001\\www\\site1\\files\\bpmn\\312f9cd9-c742-4a57-bbe1-fbe81aed142e.txt',NULL,0,'93ec0d75-d9ea-4982-9864-9b81d215cb95','b8cd64e3-78da-41b1-b595-ab88050cc470'),('7bf049bf-e32c-4491-ba81-b65c6c6c4ece','Solicitação de Passaporte Brasileiro','Game de aventura sobre o processo de solicitação de passaporte brasileiro, com o objetivo de informar o cidadão brasileiro alvo deste serviço, sobre suas particularidades, etapas, documentações e dificuldades.','2018-05-17 05:39:57','2018-06-19 07:05:33','h:\\root\\home\\tadeuunirio-001\\www\\site1\\files\\bpmn\\7bf049bf-e32c-4491-ba81-b65c6c6c4ece.txt',NULL,0,'93ec0d75-d9ea-4982-9864-9b81d215cb95','b8cd64e3-78da-41b1-b595-ab88050cc470'),('a5e2688e-44de-4596-a5c6-d472f6ed052c','Teste','Teste','2018-05-09 10:52:14','2018-05-09 10:52:14',NULL,NULL,1,'93ec0d75-d9ea-4982-9864-9b81d215cb95','b8cd64e3-78da-41b1-b595-ab88050cc470'),('d2548d24-47ad-46c2-925d-4bbe92eab991','Desaparecidos','Jogo digital baseado no processo de descoberta de paradeiros da polícia civil do estado do Rio de Janeiro.','2018-06-22 13:01:31','2018-06-22 13:01:31','h:\\root\\home\\tadeuunirio-001\\www\\site1\\files\\bpmn\\d2548d24-47ad-46c2-925d-4bbe92eab991.txt',NULL,0,'93ec0d75-d9ea-4982-9864-9b81d215cb95','b8cd64e3-78da-41b1-b595-ab88050cc470');
/*!40000 ALTER TABLE `project` ENABLE KEYS */;
UNLOCK TABLES;

--
-- Table structure for table `projectfile`
--

DROP TABLE IF EXISTS `projectfile`;
/*!40101 SET @saved_cs_client     = @@character_set_client */;
/*!40101 SET character_set_client = utf8 */;
CREATE TABLE `projectfile` (
  `Id` varchar(40) NOT NULL,
  `Title` varchar(255) DEFAULT NULL,
  `Description` longtext,
  `FileName` varchar(255) DEFAULT NULL,
  `idProject` varchar(40) DEFAULT NULL,
  `DtPersistence` datetime DEFAULT NULL,
  PRIMARY KEY (`Id`),
  KEY `idProject` (`idProject`),
  CONSTRAINT `FKC5A484D96BCBAFA8` FOREIGN KEY (`idProject`) REFERENCES `project` (`Id`)
) ENGINE=InnoDB DEFAULT CHARSET=utf8;
/*!40101 SET character_set_client = @saved_cs_client */;

--
-- Dumping data for table `projectfile`
--

LOCK TABLES `projectfile` WRITE;
/*!40000 ALTER TABLE `projectfile` DISABLE KEYS */;
INSERT INTO `projectfile` VALUES ('40ed45ee-3a5f-4e1e-b25d-fa6642b10ef7','Documento de Contexto','Documento de contexto sobre a instituição, processo e público do processo de alistamento militar.','Documento de Estudo de Contexto - Processo de Alistamento Militar.pdf','312f9cd9-c742-4a57-bbe1-fbe81aed142e','2018-07-02 09:39:43'),('6fd83734-6311-431e-b039-d67efbc9cbee','Documento de modelagem do processo de emissão de passaporte','Documento com as informações relativas à modelagem do processo de emissão de passaporte. Contém informações como modelo do processo, atores, atividades, fluxos, regras, eventos, e cenários de utilização.','Processo de Emissão de Passaporte.pdf','7bf049bf-e32c-4491-ba81-b65c6c6c4ece','2018-05-17 05:42:13'),('75c019c9-67e0-4421-9a96-2c36de398600','Documento de Modelagem do Processo do PROUNI','Este documento contém as especificações relativas à modelagem do processo de solicitações de bolas do PROUNI. Bem como atores, modelos BPMN, descrição de tarefas, regras e etc.','Documento do Processo de Solicitação do PROUNI.pdf','26ced308-f385-48d2-9c50-e30577933978','2018-05-17 05:38:50'),('8a561e93-60af-463e-90a0-ec691ba58dac','Documento de Modelagem de Processo do Alistamento Militar','Este documento contém as especificações relativas à modelagem do processo de alistamento militar brasileiro. Bem como atores, modelos BPMN, descrição de tarefas, regras e etc.','Processo de Alistamento Militar.pdf','312f9cd9-c742-4a57-bbe1-fbe81aed142e','2018-05-17 05:36:28'),('a23c9e43-25af-49ca-a5c7-569f16a73d95','Documento de Estudo de Contexto','Este documento visa apresentar informações sobre o contexto de prestação do serviço de solicitação do prouni, contemplando o contexto institucional, o contexto de prestação do serviço, além do contexto segundo os usuários do serviço.','Documento de Estudo de Contexto - Processo de Solicitação de Prouni.pdf','26ced308-f385-48d2-9c50-e30577933978','2018-06-28 04:52:32'),('d4a98a82-2d47-4ef3-8640-378dd121ef73','Documento de Estudo de Contexto','Documento de estudo do contexto insitucional, do serviço e dos usuários do serviço de solicitação de passaporte. Documento inclusivo conta com análise do contexto e conhecimento sob a ótica dos usuários do serviço.','Documento de Estudo de Contexto - Processo de Solicitação de Passaporte.pdf','7bf049bf-e32c-4491-ba81-b65c6c6c4ece','2018-06-19 07:14:16');
/*!40000 ALTER TABLE `projectfile` ENABLE KEYS */;
UNLOCK TABLES;

--
-- Table structure for table `projectgdd`
--

DROP TABLE IF EXISTS `projectgdd`;
/*!40101 SET @saved_cs_client     = @@character_set_client */;
/*!40101 SET character_set_client = utf8 */;
CREATE TABLE `projectgdd` (
  `Id` varchar(40) NOT NULL,
  `CreationDate` datetime DEFAULT NULL,
  `DesignerName` varchar(255) DEFAULT NULL,
  `idProject` varchar(40) DEFAULT NULL,
  `BasedOnMapping` tinyint(1) DEFAULT NULL,
  `GddContent` longblob,
  PRIMARY KEY (`Id`),
  KEY `idProject` (`idProject`),
  CONSTRAINT `FKA80BED646BCBAFA8` FOREIGN KEY (`idProject`) REFERENCES `project` (`Id`)
) ENGINE=InnoDB DEFAULT CHARSET=utf8;
/*!40101 SET character_set_client = @saved_cs_client */;

--
-- Dumping data for table `projectgdd`
--

LOCK TABLES `projectgdd` WRITE;
/*!40000 ALTER TABLE `projectgdd` DISABLE KEYS */;
INSERT INTO `projectgdd` VALUES ('4f1b5b06-54f6-49e3-b0a5-378a9547b126','2018-05-11 14:49:56','Tadeu Classe','26241819-0d37-45cb-9a1b-98df2f0fb2d6',1,'<h1 style=\'text-align: center;\'>Tadeu Teste</h1><h3 style=\'text-align: center;\'>(Game Design Document)</h3><h4 style=\'text-align: center;\'>Created by: Tadeu Classe in 5/11/2018 </h4><h6 style=\'text-align: center; color: silver;\'>Game Id: 26241819-0d37-45cb-9a1b-98df2f0fb2d6</h6><h6 style=\'text-align: center; color: silver;\'>Obs.: This document have been created based on game mapping performed to this project.</h6><br/><p style=\'text-align: justify;\'><ol><li><h3>Game Project Definitions</h3></li><ol><li><h3>Title</h3></li><li><h3>Project Story</h3></li><li><h3>Genre</h3></li><li><h3>Target Audience</h3></li><li><h3>Game Abstract</h3></li></ol><li><h3>Gameplay, Story and Concepts</h3></li><ol><li><h3>Theme</h3></li><li><h3>Game Story Abstract</h3></li><li><h3>Gameflow - Plot</h3></li><li><h3>Problems, Challenges and Motivations</h3></li><li><h3>Goals and Objectives</h3></li></ol><li><h3>Gameplay Concepts and Playability</h3></li><ol><li><h3>Tasks and Quests</h3></li><ul><li><p>Task_196lh2o <small style=\'color: silver;\'>(*Relative to process object: Task_196lh2o)</small></p></li><li><p>Evento 1 <small style=\'color: silver;\'>(*Relative to process object: Task_1g05jy3)</small></p></li></ul><li><h3>Game Events</h3></li><ul><li><p>[ExclusiveGateway_1qqenbw] creates event (Fina do Processo) <small style=\'color: silver;\'>(*Relative to process object: IntermediateThrowEvent_0xnqyot)</small></p></li><li><p>StartEvent_1cbwr7s <small style=\'color: silver;\'>(*Relative to process object: StartEvent_1cbwr7s)</small></p></li></ul><li><h3>Game Flow</h3></li><li><h3>Success - Game Overs</h3></li><li><h3>Fails - Game Overs</h3></li></ol><li><h3>Characters, Objects and Controls</h3></li><ol><li><h3>Characters</h3></li><li><h3>Player(s)</h3></li><li><h3>Enemies and Bosses</h3></li><li><h3>Itens and Objects</h3></li><li><h3>Game Interactions</h3></li><ul><li><p>[StartEvent_1cbwr7s] <---> [Task_196lh2o] ([]) <small style=\'color: silver;\'>(*Relative to process object: SequenceFlow_09lablz)</small></p></li><li><p>[Task_196lh2o] <---> [Evento 1] ([Evento 1]) <small style=\'color: silver;\'>(*Relative to process object: SequenceFlow_0gjiwgh)</small></p></li></ul></ol><li><h3>Game World</h3></li><ol><li><h3>Environment</h3></li><li><h3>Scenarios (Places)</h3></li></ol><li><h3>Game Mechanics and Rules</h3></li><ol><li><h3>Player / Characters Actions</h3></li><li><h3>Game Rules</h3></li><li><h3>Game Feedbacks</h3></li><ol><li><h3>Tasks and Quests Feedbacks</h3></li><li><h3>Rewards</h3></li><li><h3>Game Messages</h3></li></ol></ol><li><h3>Scenes, Materials and Bonus</h3></li></ol></p>'),('8ce9d9d4-1765-4980-b754-906b4f89378b','2018-06-28 15:51:10','Tadeu Classe','7bf049bf-e32c-4491-ba81-b65c6c6c4ece',1,'<h1 style=\"text-align: center;\" data-mce-style=\"text-align: center;\">Solicitação de Passaporte Brasileiro</h1><h3 style=\"text-align: center;\" data-mce-style=\"text-align: center;\">(Game Design Document)</h3><h4 style=\"text-align: center;\" data-mce-style=\"text-align: center;\">Created by: Tadeu Classe in 6/28/2018</h4><h6 style=\"text-align: center; color: silver;\" data-mce-style=\"text-align: center; color: silver;\">Game Id: 7bf049bf-e32c-4491-ba81-b65c6c6c4ece</h6><h6 style=\"text-align: center; color: silver;\" data-mce-style=\"text-align: center; color: silver;\">Obs.: This document have been created based on game mapping performed to this project.</h6><p><br></p><ol><li><h3>Game Project Definitions</h3></li><ol><li><h3>Title</h3></li><ul><li><p>Processo de Emissão de Passaportes <small style=\"color: silver;\" data-mce-style=\"color: silver;\">(*Relative to process object: Participant_0o57a6q)</small></p></li></ul><li><h3>Project Story</h3></li><li><h3>Genre</h3></li><li><h3>Target Audience</h3></li><li><h3>Game Abstract</h3></li></ol><li><h3>Gameplay, Story and Concepts</h3></li><ol><li><h3>Theme</h3></li><li><h3>Game Story Abstract</h3></li><li><h3>Gameflow - Plot</h3></li><ul><li><p>Cidadão brasileiro precisa sair em uma viagem no exterior, para isso ele precisa solicitar seu passaporte. Para solicitar seu passaporte, ele precisa executar uma série de tarefas e cumprir prazos. O cidadão precisa separar a documentação, pagar taxa, agendar um atendimento, registrar biometria e foto, aguardar a produção do documento, e conferir o documento.</p></li></ul><li><h3>Problems, Challenges and Motivations</h3></li><ul><li><p>Como conseguir o passaporte brasileiro de maneira mais rápida e eficiente possível.</p></li></ul><li><h3>Goals and Objectives</h3></li><ul><li><p>O objetivo principal do processo de solicitação de passaporte é possibilitar que todo o cidadão brasileiro possa obter o documento de viagem internacional de maneira mais rápida e eficiente o possível.</p></li></ul></ol><li><h3>Gameplay Concepts and Playability</h3></li><ol><li><h3>Tasks and Quests</h3></li><ul><li><p>Encerrar Atendimento <small style=\"color: silver;\" data-mce-style=\"color: silver;\">(*Relative to process object: Task_08k2m08)</small></p></li><li><p>Avisar Chegada do Passaporte <small style=\"color: silver;\" data-mce-style=\"color: silver;\">(*Relative to process object: Task_0yoxj43)</small></p></li><li><p>Entregar Passaporte <small style=\"color: silver;\" data-mce-style=\"color: silver;\">(*Relative to process object: Task_0d4ygkl)</small></p></li><li><p>Assinar Passaporte <small style=\"color: silver;\" data-mce-style=\"color: silver;\">(*Relative to process object: Task_09qantn)</small></p></li><li><p>Enviar Informações para Confeção do Passaporte <small style=\"color: silver;\" data-mce-style=\"color: silver;\">(*Relative to process object: Task_0l4tlem)</small></p></li><li><p>Verificar Documentação Necessária <small style=\"color: silver;\" data-mce-style=\"color: silver;\">(*Relative to process object: Task_0kjqkj9)</small></p></li><li><p>Coletar Biomertia e Foto <small style=\"color: silver;\" data-mce-style=\"color: silver;\">(*Relative to process object: Task_0pwx5q5)</small></p></li><li><p>Comparecer ao Posto da PF Agendado <small style=\"color: silver;\" data-mce-style=\"color: silver;\">(*Relative to process object: Task_1fwyqvr)</small></p></li><li><p>Separar Documentação <small style=\"color: silver;\" data-mce-style=\"color: silver;\">(*Relative to process object: Task_1o6qyko)</small></p></li><li><p>Agendar Atendimento <small style=\"color: silver;\" data-mce-style=\"color: silver;\">(*Relative to process object: Task_1b6njix)</small></p></li><li><p>Comparecer ao Posto da PF <small style=\"color: silver;\" data-mce-style=\"color: silver;\">(*Relative to process object: Task_1saduw2)</small></p></li><li><p>Cancelar Passaporte <small style=\"color: silver;\" data-mce-style=\"color: silver;\">(*Relative to process object: Task_057rpd6)</small></p></li><li><p>Emitir Protocolo de Retirada <small style=\"color: silver;\" data-mce-style=\"color: silver;\">(*Relative to process object: Task_0vns16u)</small></p></li><li><p>Conferir Documentação <small style=\"color: silver;\" data-mce-style=\"color: silver;\">(*Relative to process object: Task_0bnr5dp)</small></p></li><li><p>Corrigir Passaporte <small style=\"color: silver;\" data-mce-style=\"color: silver;\">(*Relative to process object: Task_0q18463)</small></p></li><li><p>Requerer Passaporte <small style=\"color: silver;\" data-mce-style=\"color: silver;\">(*Relative to process object: Task_1x8ntal)</small></p></li><li><p>Conferir Dados do Passaporte <small style=\"color: silver;\" data-mce-style=\"color: silver;\">(*Relative to process object: Task_1yfmjb5)</small></p></li><li><p>Pagar GRU <small style=\"color: silver;\" data-mce-style=\"color: silver;\">(*Relative to process object: Task_1snoe5p)</small></p></li></ul><li><h3>Game Events</h3></li><ul><li><p>Como conseguir o passaporte brasileiro de maneira mais rápida e eficiente possível.</p></li></ul><ul><li><p>[Enviar Informações para Confeção do Passaporte] creates event (IntermediateThrowEvent_1s4ylef) <small style=\"color: silver;\" data-mce-style=\"color: silver;\">(*Relative to process object: IntermediateThrowEvent_1s4ylef)</small></p></li><li><p>Solicitação de Passaporte <small style=\"color: silver;\" data-mce-style=\"color: silver;\">(*Relative to process object: StartEvent_0rkxfb8)</small></p></li></ul><ul><li><p>Cancelamento de Passaporte <small style=\"color: silver;\" data-mce-style=\"color: silver;\">(*Relative to process object: EndEvent_0xpzhmn)</small></p></li><li><p>Recebimento de Passaporte <small style=\"color: silver;\" data-mce-style=\"color: silver;\">(*Relative to process object: IntermediateThrowEvent_1nc3544)</small></p></li><li><p>Atendimento Encerrado <small style=\"color: silver;\" data-mce-style=\"color: silver;\">(*Relative to process object: EndEvent_1q8agk7)</small></p></li></ul><ul><li><p>Cancelamento de Passaporte <small style=\"color: silver;\" data-mce-style=\"color: silver;\">(*Relative to process object: EndEvent_0xpzhmn)</small></p></li><li><p>Atendimento Encerrado <small style=\"color: silver;\" data-mce-style=\"color: silver;\">(*Relative to process object: EndEvent_1q8agk7)</small></p></li></ul><li><h3>Game Flow</h3></li><ul><li><p>Solicitação de Passaporte &gt; Verificar Documentação Necessária &gt; Separar Documentação &gt; Requerer Passaporte &gt; Pagar GRU &gt; Aguardar 72h &gt; Agendar Atendimento &gt; Data e Horário Agendado &gt; Comparecer ao Posto da PF Agendado &gt; Conferir Documentação &gt; ExclusiveGateway_1ryiri4 (Incorreta) &gt; Encerrar Atendimento &gt; Atendimento Encerrado <small style=\"color: silver;\" data-mce-style=\"color: silver;\">(*Relative to process object: Process_Passaporte)</small></p></li><li><p>Solicitação de Passaporte &gt; Verificar Documentação Necessária &gt; Separar Documentação &gt; Requerer Passaporte &gt; Pagar GRU &gt; Aguardar 72h &gt; Agendar Atendimento &gt; Data e Horário Agendado &gt; Comparecer ao Posto da PF Agendado &gt; Conferir Documentação &gt; ExclusiveGateway_1ryiri4 (Correta) &gt; Coletar Biomertia e Foto &gt; ExclusiveGateway_0c85aw8 (SequenceFlow_16iyogr) &gt; Emitir Protocolo de Retirada &gt; 6 Dias &gt; ExclusiveGateway_0qfi81n (SequenceFlow_19lchuc) &gt; Comparecer ao Posto da PF &gt; Conferir Dados do Passaporte &gt; ExclusiveGateway_1lrg01t (Correto) &gt; Assinar Passaporte &gt; Entregar Passaporte &gt; Recebimento de Passaporte <small style=\"color: silver;\" data-mce-style=\"color: silver;\">(*Relative to process object: Process_Passaporte)</small></p></li><li><p>Solicitação de Passaporte &gt; Verificar Documentação Necessária &gt; Separar Documentação &gt; Requerer Passaporte &gt; Pagar GRU &gt; Aguardar 72h &gt; Agendar Atendimento &gt; Data e Horário Agendado &gt; Comparecer ao Posto da PF Agendado &gt; Conferir Documentação &gt; ExclusiveGateway_1ryiri4 (Correta) &gt; Coletar Biomertia e Foto &gt; ExclusiveGateway_0c85aw8 (SequenceFlow_16iyogr) &gt; Emitir Protocolo de Retirada &gt; 6 Dias &gt; ExclusiveGateway_0qfi81n (SequenceFlow_19lchuc) &gt; Comparecer ao Posto da PF &gt; BoundaryEvent_1wh8acg &gt; Cancelar Passaporte &gt; Cancelamento de Passaporte <small style=\"color: silver;\" data-mce-style=\"color: silver;\">(*Relative to process object: Process_Passaporte)</small></p></li></ul><li><h3>Success - Game Overs</h3></li><ul><li><p>Cancelamento de Passaporte <small style=\"color: silver;\" data-mce-style=\"color: silver;\">(*Relative to process object: EndEvent_0xpzhmn)</small></p></li><li><p>Recebimento de Passaporte <small style=\"color: silver;\" data-mce-style=\"color: silver;\">(*Relative to process object: IntermediateThrowEvent_1nc3544)</small></p></li><li><p>Atendimento Encerrado <small style=\"color: silver;\" data-mce-style=\"color: silver;\">(*Relative to process object: EndEvent_1q8agk7)</small></p></li></ul><li><h3>Fails - Game Overs</h3></li><ul><li><p>Cancelamento de Passaporte <small style=\"color: silver;\" data-mce-style=\"color: silver;\">(*Relative to process object: EndEvent_0xpzhmn)</small></p></li><li><p>Atendimento Encerrado <small style=\"color: silver;\" data-mce-style=\"color: silver;\">(*Relative to process object: EndEvent_1q8agk7)</small></p></li></ul></ol><li><h3>Characters, Objects and Controls</h3></li><ol><li><h3>Characters</h3></li><ul><li><p>Atendente do posto de atendimento.</p></li><li><p>Cidadão Brasileiro</p></li></ul><li><h3>Player(s)</h3></li><ul><li><p>Cidadão Brasileiro</p></li></ul><li><h3>Enemies and Bosses</h3></li><ul><li><p>Atendente do posto de atendimento.</p></li><li><p>Cidadão Brasileiro</p></li></ul><li><h3>Itens and Objects</h3></li><ul><li><p>Protocolo de Retirada <small style=\"color: silver;\" data-mce-style=\"color: silver;\">(*Relative to process object: DataObjectReference_01dbpia)</small></p></li><li><p>Passaporte <small style=\"color: silver;\" data-mce-style=\"color: silver;\">(*Relative to process object: DataObjectReference_06apfr8)</small></p></li><li><p>Biometria <small style=\"color: silver;\" data-mce-style=\"color: silver;\">(*Relative to process object: DataObjectReference_1iquh8x)</small></p></li><li><p>Site de PF <small style=\"color: silver;\" data-mce-style=\"color: silver;\">(*Relative to process object: DataStoreReference_0663vvx)</small></p></li><li><p>Foto e Digital <small style=\"color: silver;\" data-mce-style=\"color: silver;\">(*Relative to process object: DataObjectReference_16x3vry)</small></p></li><li><p>Documentação <small style=\"color: silver;\" data-mce-style=\"color: silver;\">(*Relative to process object: DataObjectReference_0bj1pvw)</small></p></li><li><p>SINPA <small style=\"color: silver;\" data-mce-style=\"color: silver;\">(*Relative to process object: DataStoreReference_0las47e)</small></p></li><li><p>Protocolo de Antendimento <small style=\"color: silver;\" data-mce-style=\"color: silver;\">(*Relative to process object: DataObjectReference_0jn5kpo)</small></p></li><li><p>SINPA <small style=\"color: silver;\" data-mce-style=\"color: silver;\">(*Relative to process object: DataStoreReference_1sz0ymc)</small></p></li><li><p>GRU / Protocolo <small style=\"color: silver;\" data-mce-style=\"color: silver;\">(*Relative to process object: DataObjectReference_1mxyx51)</small></p></li><li><p>SINPA <small style=\"color: silver;\" data-mce-style=\"color: silver;\">(*Relative to process object: DataStoreReference_05e963z)</small></p></li></ul><li><h3>Game Interactions</h3></li><ul><li><p>[Cidadão Brasileiro] &lt;---&gt; [Cidadão Brasileiro] ([Comparecer ao Posto da PF Agendado]) <small style=\"color: silver;\" data-mce-style=\"color: silver;\">(*Relative to process object: SequenceFlow_0gpoldi)</small></p></li><li><p>[Posto da PF] &lt;---&gt; [Posto da PF] ([Coletar Biomertia e Foto]) <small style=\"color: silver;\" data-mce-style=\"color: silver;\">(*Relative to process object: SequenceFlow_0gj8bhf)</small></p></li><li><p>Coletar Biomertia e Foto &lt;---&gt; SINPA <small style=\"color: silver;\" data-mce-style=\"color: silver;\">(*Relative to process object: DataOutputAssociation_077wleq)</small></p></li><li><p>Passaporte &lt;---&gt; Conferir Dados do Passaporte <small style=\"color: silver;\" data-mce-style=\"color: silver;\">(*Relative to process object: DataInputAssociation_11nz9bj)</small></p></li><li><p>Foto e Digital &lt;---&gt; Coletar Biomertia e Foto <small style=\"color: silver;\" data-mce-style=\"color: silver;\">(*Relative to process object: DataInputAssociation_0qj8ni5)</small></p></li><li><p>Protocolo de Retirada &lt;---&gt; Emitir Protocolo de Retirada <small style=\"color: silver;\" data-mce-style=\"color: silver;\">(*Relative to process object: DataInputAssociation_11xjhj1)</small></p></li><li><p>[Cidadão Brasileiro] &lt;---&gt; [Cidadão Brasileiro] ([Separar Documentação]) <small style=\"color: silver;\" data-mce-style=\"color: silver;\">(*Relative to process object: SequenceFlow_1i4f3nl)</small></p></li><li><p>Verificar Documentação Necessária &lt;---&gt; Site de PF <small style=\"color: silver;\" data-mce-style=\"color: silver;\">(*Relative to process object: DataOutputAssociation_1xudg5x)</small></p></li><li><p>[Cidadão Brasileiro] &lt;---&gt; [Cidadão Brasileiro] ([Pagar GRU]) <small style=\"color: silver;\" data-mce-style=\"color: silver;\">(*Relative to process object: SequenceFlow_0zlt6jg)</small></p></li><li><p>Corrigir Passaporte &lt;---&gt; SINPA <small style=\"color: silver;\" data-mce-style=\"color: silver;\">(*Relative to process object: DataOutputAssociation_12b50z8)</small></p></li><li><p>[Posto da PF] &lt;---&gt; [Posto da PF] ([Atendimento Encerrado]) <small style=\"color: silver;\" data-mce-style=\"color: silver;\">(*Relative to process object: SequenceFlow_0e8k8fs)</small></p></li><li><p>[Posto da PF] &lt;---&gt; [Posto da PF] ([Avisar Chegada do Passaporte]) <small style=\"color: silver;\" data-mce-style=\"color: silver;\">(*Relative to process object: SequenceFlow_0rkf97g)</small></p></li><li><p>Requerer Passaporte &lt;---&gt; SINPA <small style=\"color: silver;\" data-mce-style=\"color: silver;\">(*Relative to process object: DataOutputAssociation_1g2d67t)</small></p></li><li><p>[Cidadão Brasileiro] &lt;---&gt; [Posto da PF] ([Conferir Documentação]) <small style=\"color: silver;\" data-mce-style=\"color: silver;\">(*Relative to process object: SequenceFlow_1kgepp7)</small></p></li><li><p>Biometria &lt;---&gt; Conferir Dados do Passaporte <small style=\"color: silver;\" data-mce-style=\"color: silver;\">(*Relative to process object: DataInputAssociation_1bh3gcm)</small></p></li><li><p>[Posto da PF] &lt;---&gt; [Posto da PF] ([Emitir Protocolo de Retirada]) <small style=\"color: silver;\" data-mce-style=\"color: silver;\">(*Relative to process object: SequenceFlow_1rba0pi)</small></p></li><li><p>[Cidadão Brasileiro] &lt;---&gt; [Cidadão Brasileiro] ([Conferir Dados do Passaporte]) <small style=\"color: silver;\" data-mce-style=\"color: silver;\">(*Relative to process object: SequenceFlow_1851vfk)</small></p></li><li><p>[Posto da PF] &lt;---&gt; [Cidadão Brasileiro] ([Recebimento de Passaporte]) <small style=\"color: silver;\" data-mce-style=\"color: silver;\">(*Relative to process object: SequenceFlow_17g1za0)</small></p></li><li><p>Casa da Moeda (Rio de Janeiro) &lt;---&gt; Posto da PF <small style=\"color: silver;\" data-mce-style=\"color: silver;\">(*Relative to process object: MessageFlow_1jm4xcd)</small></p></li><li><p>[Posto da PF] &lt;---&gt; [Posto da PF] ([Encerrar Atendimento]) <small style=\"color: silver;\" data-mce-style=\"color: silver;\">(*Relative to process object: SequenceFlow_0gj8bhf)</small></p></li><li><p>[Cidadão Brasileiro] &lt;---&gt; [Cidadão Brasileiro] ([Verificar Documentação Necessária]) <small style=\"color: silver;\" data-mce-style=\"color: silver;\">(*Relative to process object: SequenceFlow_0cvf0ce)</small></p></li><li><p>[Cidadão Brasileiro] &lt;---&gt; [Cidadão Brasileiro] ([Requerer Passaporte]) <small style=\"color: silver;\" data-mce-style=\"color: silver;\">(*Relative to process object: SequenceFlow_1wxfjb4)</small></p></li><li><p>[Cidadão Brasileiro] &lt;---&gt; [Posto da PF] ([Corrigir Passaporte]) <small style=\"color: silver;\" data-mce-style=\"color: silver;\">(*Relative to process object: SequenceFlow_1idky03)</small></p></li><li><p>Agendar Atendimento &lt;---&gt; SINPA <small style=\"color: silver;\" data-mce-style=\"color: silver;\">(*Relative to process object: DataOutputAssociation_0jcoolk)</small></p></li><li><p>[Cidadão Brasileiro] &lt;---&gt; [Posto da PF] ([Cancelar Passaporte]) <small style=\"color: silver;\" data-mce-style=\"color: silver;\">(*Relative to process object: SequenceFlow_1avg06t)</small></p></li><li><p>Requerer Passaporte &lt;---&gt; Documentação <small style=\"color: silver;\" data-mce-style=\"color: silver;\">(*Relative to process object: DataOutputAssociation_0sc4b84)</small></p></li><li><p>[Cidadão Brasileiro] &lt;---&gt; [Posto da PF] ([Entregar Passaporte]) <small style=\"color: silver;\" data-mce-style=\"color: silver;\">(*Relative to process object: SequenceFlow_03dmjbu)</small></p></li><li><p>[Cidadão Brasileiro] &lt;---&gt; [Cidadão Brasileiro] ([Agendar Atendimento]) <small style=\"color: silver;\" data-mce-style=\"color: silver;\">(*Relative to process object: SequenceFlow_13q3src)</small></p></li><li><p>[Cidadão Brasileiro] &lt;---&gt; [Cidadão Brasileiro] ([Assinar Passaporte]) <small style=\"color: silver;\" data-mce-style=\"color: silver;\">(*Relative to process object: SequenceFlow_1idky03)</small></p></li><li><p>Posto da PF &lt;---&gt; Casa da Moeda (Rio de Janeiro) <small style=\"color: silver;\" data-mce-style=\"color: silver;\">(*Relative to process object: MessageFlow_0f480ei)</small></p></li><li><p>[Posto da PF] &lt;---&gt; [Cidadão Brasileiro] ([Comparecer ao Posto da PF]) <small style=\"color: silver;\" data-mce-style=\"color: silver;\">(*Relative to process object: SequenceFlow_1f7nrhq)</small></p></li><li><p>Documentação &lt;---&gt; Separar Documentação <small style=\"color: silver;\" data-mce-style=\"color: silver;\">(*Relative to process object: DataInputAssociation_1xybxtz)</small></p></li><li><p>[Posto da PF] &lt;---&gt; [Posto da PF] ([Enviar Informações para Confeção do Passaporte]) <small style=\"color: silver;\" data-mce-style=\"color: silver;\">(*Relative to process object: SequenceFlow_1rba0pi)</small></p></li><li><p>[Posto da PF] &lt;---&gt; [Posto da PF] ([Cancelamento de Passaporte]) <small style=\"color: silver;\" data-mce-style=\"color: silver;\">(*Relative to process object: SequenceFlow_15f4u38)</small></p></li><li><p>Passaporte &lt;---&gt; Avisar Chegada do Passaporte <small style=\"color: silver;\" data-mce-style=\"color: silver;\">(*Relative to process object: DataInputAssociation_1ynm8x4)</small></p></li><li><p>Protocolo de Antendimento &lt;---&gt; Agendar Atendimento <small style=\"color: silver;\" data-mce-style=\"color: silver;\">(*Relative to process object: DataInputAssociation_1kk2hh2)</small></p></li><li><p>Pagar GRU &lt;---&gt; GRU / Protocolo <small style=\"color: silver;\" data-mce-style=\"color: silver;\">(*Relative to process object: DataOutputAssociation_0eny3h5)</small></p></li><li><p>GRU / Protocolo &lt;---&gt; Requerer Passaporte <small style=\"color: silver;\" data-mce-style=\"color: silver;\">(*Relative to process object: DataInputAssociation_1at3nbd)</small></p></li></ul></ol><li><h3>Game World</h3></li><ol><li><h3>Environment</h3></li><ul><li><p>Residência, cidade e repartição pública.</p></li></ul><li><h3>Scenarios (Places)</h3></li><ul><li><p>Cidadão Brasileiro <small style=\"color: silver;\" data-mce-style=\"color: silver;\">(*Relative to process object: Lane_0igww92)</small></p></li><li><p>Posto da PF <small style=\"color: silver;\" data-mce-style=\"color: silver;\">(*Relative to process object: Lane_1kadnr3)</small></p></li><li><p>Casa da Moeda (Rio de Janeiro) <small style=\"color: silver;\" data-mce-style=\"color: silver;\">(*Relative to process object: Participant_1j7pc6w)</small></p></li></ul></ol><li><h3>Game Mechanics and Rules</h3></li><ol><li><h3>Player / Characters Actions</h3></li><li><h3>Game Rules</h3></li><ul><li><p>Enviar Informações para Confecção do Passaporte: ​envio de informações do passaporte.</p></li><li><p>Comparecer ao Posto da PF Agendado: ​ ​aguardar até a data e horário agendado, protocolo de agendamento.</p></li><li><p>[Avisar Chegada do Passaporte] needs of event [IntermediateThrowEvent_0495jgy] <small style=\"color: silver;\" data-mce-style=\"color: silver;\">(*Relative to process object: IntermediateThrowEvent_0495jgy)</small></p></li><li><p>Coletar Biometria: ​impressões digitais e fotografia.</p></li><li><p>Condição para Assinatura e Retirada do Passaporte: O posto da PF somente permitirá a assinatura e entrega do passaporte ao solicitante caso as informações contidas neles sejam conferidas e estiverem corretas. Além disso, somente o solicitante poderá retirar o passaporte.</p></li><li><p>Entregar Passaporte: passaporte.</p></li><li><p>If [Conferir Documentação] == [Correta] then [Coletar Biomertia e Foto] <small style=\"color: silver;\" data-mce-style=\"color: silver;\">(*Relative to process object: ExclusiveGateway_1ryiri4)</small></p></li><li><p>[ExclusiveGateway_0qfi81n] needs of event [Email&nbsp;] <small style=\"color: silver;\" data-mce-style=\"color: silver;\">(*Relative to process object: IntermediateThrowEvent_1eybokv)</small></p></li><li><p>Comparecer ao Posto da PF: verificação de 6 dias sobre a chegada do passaporte.</p></li><li><p>Assinar Passaporte: passaporte.</p></li><li><p>Pagar GRU: GRU</p></li><li><p>Condição para comparecimento ao posto da PF: O solicitante deverá comparecer ao posto de atendimento somente na data, horário e local especificado no agendamento.</p></li><li><p>[Comparecer ao Posto da PF Agendado] needs of event [Data e Horário Agendado] <small style=\"color: silver;\" data-mce-style=\"color: silver;\">(*Relative to process object: IntermediateThrowEvent_0xc6p0u)</small></p></li><li><p>Requerer Passaporte: documentos do solicitante, local de atendimento.</p></li><li><p>Verificar Documentação Necessária: ​informação sobre a documentação necessária.</p></li><li><p>Condição para Agendar Atendimento: O atendimento só é agendado após o pagamento da GRU (R$ 257,25) e dentro de um prazo de 72h após tal pagamento.</p></li><li><p>Regra para análise de documentação: O posto da PF deverá conferir toda a documentação para emissão do passaporte, juntamente com o guia GRU paga.</p></li><li><p>If [BoundaryEvent_1wh8acg] not in [Comparecer ao Posto da PF] then [Conferir Dados do Passaporte] <small style=\"color: silver;\" data-mce-style=\"color: silver;\">(*Relative to process object: BoundaryEvent_1wh8acg)</small></p></li><li><p>If [Passado 90 dias] in [Comparecer ao Posto da PF] then [Cancelar Passaporte] <small style=\"color: silver;\" data-mce-style=\"color: silver;\">(*Relative to process object: BoundaryEvent_1wh8acg)</small></p></li><li><p>If [Conferir Dados do Passaporte] == [Correto] then [Assinar Passaporte] <small style=\"color: silver;\" data-mce-style=\"color: silver;\">(*Relative to process object: ExclusiveGateway_1lrg01t)</small></p></li><li><p>If [Conferir Dados do Passaporte] == [Incorreto] then [Corrigir Passaporte] <small style=\"color: silver;\" data-mce-style=\"color: silver;\">(*Relative to process object: ExclusiveGateway_1lrg01t)</small></p></li><li><p>Conferir documentação: documentação do solicitante, GRU paga e protocolo de agendamento.</p></li><li><p>Condição para Requerer Passaporte: O passaporte só é requerido após o solicitante informar toda a documentação necessário no SINPA.</p></li><li><p>[Agendar Atendimento] needs of event [Aguardar 72h] <small style=\"color: silver;\" data-mce-style=\"color: silver;\">(*Relative to process object: IntermediateThrowEvent_0maj49i)</small></p></li><li><p>Perform [Coletar Biomertia e Foto] then perform in parallel [ and ] <small style=\"color: silver;\" data-mce-style=\"color: silver;\">(*Relative to process object: ExclusiveGateway_0c85aw8)</small></p></li><li><p>If [Conferir Documentação] == [Incorreta] then [Encerrar Atendimento] <small style=\"color: silver;\" data-mce-style=\"color: silver;\">(*Relative to process object: ExclusiveGateway_1ryiri4)</small></p></li><li><p>Avisar Chegada de Passaporte: ​aviso de chegada de passaporte</p></li><li><p>Condição para coleta de digital e fotografia: A fotografia e impressões digitais só serão coletados quando a documentação necessária estiver correta.</p></li><li><p>Condição para o cancelamento do passaporte: Passado 90 dias da chegada do passaporte, o mesmo será cancelado caso o solicitante não compareça no posto de atendimento para sua retirada.</p></li><li><p>[ExclusiveGateway_0qfi81n] needs of event [6 Dias] <small style=\"color: silver;\" data-mce-style=\"color: silver;\">(*Relative to process object: IntermediateThrowEvent_0bssr0b)</small></p></li><li><p>Agendar Atendimento: aguardar 72hrs após o pagamento da GRU e ​GRU Paga, protocolo de requisição.</p></li><li><p>Condição para o comparecimento ao posto da PF para retirada de passaporte: O solicitante após requerer o passaporte deverá comparecer ao posto da PF com o protocolo de retirada de passaporte após 6 dias de sua requisição e após receber a confirmação de chegada de passaporte pelo posto de atendimento.</p></li><li><p>Corrigir Passaporte: passaporte, informação correta.</p></li><li><p>Conferir Dados do Passaporte: ​validade do passaporte.</p></li></ul><li><h3>Game Feedbacks</h3></li><ul><li><p>Separar Documentação: informações sobre a documentação necessária.</p></li><li><p>Pagar GRU: GRU Paga</p></li><li><p>Agendar Atendimento: ​protocolo de agendamento.</p></li><li><p>Cancelar Passaporte: ​cancelamento do passaporte.</p></li><li><p>Corrigir Passaporte: ​protocolo de retirada de passaporte.</p></li><li><p>Verificar Documentação Necessária: documento de identidade com foto, certidão de estado civil (nascimento, casamento, averbação), Título de Eleitor, Comprovante de Votação da última eleição(ou justificativa, ou pagamento de multa, ou certificado de quitação eleitoral) dos dois turnos (se houver), documento de quitação de serviço militar (somente homens), Passaporte anterior (caso já tenho tido algum), CPF, autorização (menores de 18 anos).</p></li><li><p>Conferir documentação: informação do perfil do solicitante.</p></li><li><p>Conferir Dados do Passaporte: ​protocolo de retirada do passaporte, passaporte.</p></li><li><p>Requerer Passaporte: protocolo de requisição, GRU (R$ 257,25).</p></li><li><p>Assinar Passaporte: passaporte assinado.</p></li><li><p>Coletar Biometria: ​informações de passaporte.</p></li><li><p>Emitir Protocolo de Retirada: protocolo de retirada de passaporte.</p></li><li><p>Avisar Chegada de Passaporte: passaporte</p></li></ul><ol><li><h3>Tasks and Quests Feedbacks</h3></li><ul><li><p>Separar Documentação: informações sobre a documentação necessária.</p></li><li><p>Pagar GRU: GRU Paga</p></li><li><p>Agendar Atendimento: ​protocolo de agendamento.</p></li><li><p>Cancelar Passaporte: ​cancelamento do passaporte.</p></li><li><p>Corrigir Passaporte: ​protocolo de retirada de passaporte.</p></li><li><p>Verificar Documentação Necessária: documento de identidade com foto, certidão de estado civil (nascimento, casamento, averbação), Título de Eleitor, Comprovante de Votação da última eleição(ou justificativa, ou pagamento de multa, ou certificado de quitação eleitoral) dos dois turnos (se houver), documento de quitação de serviço militar (somente homens), Passaporte anterior (caso já tenho tido algum), CPF, autorização (menores de 18 anos).</p></li><li><p>Conferir documentação: informação do perfil do solicitante.</p></li><li><p>Conferir Dados do Passaporte: ​protocolo de retirada do passaporte, passaporte.</p></li><li><p>Requerer Passaporte: protocolo de requisição, GRU (R$ 257,25).</p></li><li><p>Assinar Passaporte: passaporte assinado.</p></li><li><p>Coletar Biometria: ​informações de passaporte.</p></li><li><p>Emitir Protocolo de Retirada: protocolo de retirada de passaporte.</p></li><li><p>Avisar Chegada de Passaporte: passaporte</p></li></ul><li><h3>Rewards<br></h3></li><ul><li><p>Protocolo de Retirada <small style=\"color: silver;\" data-mce-style=\"color: silver;\">(*Relative to process object: DataObjectReference_01dbpia)</small></p></li><li><p>Passaporte <small style=\"color: silver;\" data-mce-style=\"color: silver;\">(*Relative to process object: DataObjectReference_06apfr8)</small></p></li><li><p>Biometria <small style=\"color: silver;\" data-mce-style=\"color: silver;\">(*Relative to process object: DataObjectReference_1iquh8x)</small></p></li><li><p>Site de PF <small style=\"color: silver;\" data-mce-style=\"color: silver;\">(*Relative to process object: DataStoreReference_0663vvx)</small></p></li><li><p>Foto e Digital <small style=\"color: silver;\" data-mce-style=\"color: silver;\">(*Relative to process object: DataObjectReference_16x3vry)</small></p></li><li><p>Documentação <small style=\"color: silver;\" data-mce-style=\"color: silver;\">(*Relative to process object: DataObjectReference_0bj1pvw)</small></p></li><li><p>SINPA <small style=\"color: silver;\" data-mce-style=\"color: silver;\">(*Relative to process object: DataStoreReference_0las47e)</small></p></li><li><p>Protocolo de Antendimento <small style=\"color: silver;\" data-mce-style=\"color: silver;\">(*Relative to process object: DataObjectReference_0jn5kpo)</small></p></li><li><p>SINPA <small style=\"color: silver;\" data-mce-style=\"color: silver;\">(*Relative to process object: DataStoreReference_1sz0ymc)</small></p></li><li><p>GRU / Protocolo <small style=\"color: silver;\" data-mce-style=\"color: silver;\">(*Relative to process object: DataObjectReference_1mxyx51)</small></p></li><li><p>SINPA <small style=\"color: silver;\" data-mce-style=\"color: silver;\">(*Relative to process object: DataStoreReference_05e963z)</small></p></li></ul><li><h3>Game Messages</h3></li></ol></ol><li><h3>Scenes, Materials and Bonus</h3></li></ol>'),('ff400e72-cba9-4d13-aaa2-89ae57bc3cab','2018-06-22 13:38:18','Tadeu Classe','d2548d24-47ad-46c2-925d-4bbe92eab991',1,'<h1 style=\"text-align: center;\" data-mce-style=\"text-align: center;\">Desaparecidos</h1><h3 style=\"text-align: center;\" data-mce-style=\"text-align: center;\">(Game Design Document)</h3><h4 style=\"text-align: center;\" data-mce-style=\"text-align: center;\">Created by: Tadeu Classe in 6/22/2018</h4><h6 style=\"text-align: center; color: silver;\" data-mce-style=\"text-align: center; color: silver;\">Game Id: d2548d24-47ad-46c2-925d-4bbe92eab991</h6><h6 style=\"text-align: center; color: silver;\" data-mce-style=\"text-align: center; color: silver;\">Obs.: This document have been created based on game mapping performed to this project.</h6><p><br></p><ol><li><h3>Game Project Definitions</h3></li><ol><li><h3>Title</h3></li><ul><li><p>Processo de Criar RO <small style=\"color: silver;\" data-mce-style=\"color: silver;\">(*Relative to process object: Participant_1tswbjw)</small></p></li></ul><li><h3>Project Story</h3></li><li><h3>Genre</h3></li><li><h3>Target Audience</h3></li><li><h3>Game Abstract</h3></li></ol><li><h3>Gameplay, Story and Concepts</h3></li><ol><li><h3>Theme</h3></li><li><h3>Game Story Abstract</h3></li><li><h3>Gameflow - Plot</h3></li><li><h3>Problems, Challenges and Motivations</h3></li><li><h3>Goals and Objectives</h3></li></ol><li><h3>Gameplay Concepts and Playability</h3></li><ol><li><h3>Tasks and Quests</h3></li><ul><li><p>Registrar RO <small style=\"color: silver;\" data-mce-style=\"color: silver;\">(*Relative to process object: Task_0qxksgz)</small></p></li><li><p>Acolher Pessoa <small style=\"color: silver;\" data-mce-style=\"color: silver;\">(*Relative to process object: Task_1dcjtb4)</small></p></li><li><p>Encerrar Atendimento <small style=\"color: silver;\" data-mce-style=\"color: silver;\">(*Relative to process object: Task_1oggjr6)</small></p></li><li><p>Enviar RO <small style=\"color: silver;\" data-mce-style=\"color: silver;\">(*Relative to process object: Task_1sjjfcs)</small></p></li><li><p>Avaliar o Caso <small style=\"color: silver;\" data-mce-style=\"color: silver;\">(*Relative to process object: Task_09b75js)</small></p></li><li><p>Registrar Fato Atípico <small style=\"color: silver;\" data-mce-style=\"color: silver;\">(*Relative to process object: Task_1502wqh)</small></p></li><li><p>Colher Informações <small style=\"color: silver;\" data-mce-style=\"color: silver;\">(*Relative to process object: Task_14a0bbc)</small></p></li></ul><li><h3>Game Events</h3></li><ul><li><p>Notificação de Desaparecimento Recebida <small style=\"color: silver;\" data-mce-style=\"color: silver;\">(*Relative to process object: StartEvent_0g1lkn7)</small></p></li></ul><ul><li><p>RO Enviado <small style=\"color: silver;\" data-mce-style=\"color: silver;\">(*Relative to process object: EndEvent_0gawpik)</small></p></li><li><p>Atendimento Encerrado <small style=\"color: silver;\" data-mce-style=\"color: silver;\">(*Relative to process object: IntermediateThrowEvent_1vnh3rv)</small></p></li></ul><ul><li><p>Atendimento Encerrado <small style=\"color: silver;\" data-mce-style=\"color: silver;\">(*Relative to process object: IntermediateThrowEvent_1vnh3rv)</small></p></li></ul><li><h3>Game Flow</h3></li><ul><li><p>Notificação de Desaparecimento Recebida &gt; Acolher Pessoa &gt; Avaliar o Caso &gt; ExclusiveGateway_0jbo8qp (Outro Tipo de Caso) &gt; Registrar Fato Atípico &gt; Encerrar Atendimento &gt; Atendimento Encerrado <small style=\"color: silver;\" data-mce-style=\"color: silver;\">(*Relative to process object: Process_PM2GDTool)</small></p></li><li><p>Notificação de Desaparecimento Recebida &gt; Acolher Pessoa &gt; Avaliar o Caso &gt; ExclusiveGateway_0jbo8qp (Caso de Desaparecimento) &gt; Colher Informações &gt; Registrar RO &gt; Enviar RO &gt; RO Enviado <small style=\"color: silver;\" data-mce-style=\"color: silver;\">(*Relative to process object: Process_PM2GDTool)</small></p></li></ul><li><h3>Success - Game Overs</h3></li><ul><li><p>RO Enviado <small style=\"color: silver;\" data-mce-style=\"color: silver;\">(*Relative to process object: EndEvent_0gawpik)</small></p></li><li><p>Atendimento Encerrado <small style=\"color: silver;\" data-mce-style=\"color: silver;\">(*Relative to process object: IntermediateThrowEvent_1vnh3rv)</small></p></li></ul><li><h3>Fails - Game Overs</h3></li><ul><li><p>Atendimento Encerrado <small style=\"color: silver;\" data-mce-style=\"color: silver;\">(*Relative to process object: IntermediateThrowEvent_1vnh3rv)</small></p></li></ul></ol><li><h3>Characters, Objects and Controls</h3></li><ol><li><h3>Characters</h3></li><li><h3>Player(s)</h3></li><li><h3>Enemies and Bosses</h3></li><li><h3>Itens and Objects</h3></li><ul><li><p>Registro de Ocorrência <small style=\"color: silver;\" data-mce-style=\"color: silver;\">(*Relative to process object: DataObjectReference_0csr1pb)</small></p></li><li><p>ROWEB <small style=\"color: silver;\" data-mce-style=\"color: silver;\">(*Relative to process object: DataStoreReference_1avuz6e)</small></p></li><li><p>Documentos <small style=\"color: silver;\" data-mce-style=\"color: silver;\">(*Relative to process object: DataObjectReference_1sdzcqt)</small></p></li></ul><li><h3>Game Interactions</h3></li><ul><li><p>Registrar RO &lt;---&gt; Registro de Ocorrência <small style=\"color: silver;\" data-mce-style=\"color: silver;\">(*Relative to process object: DataOutputAssociation_18wwayi)</small></p></li><li><p>Documentos &lt;---&gt; Colher Informações <small style=\"color: silver;\" data-mce-style=\"color: silver;\">(*Relative to process object: DataInputAssociation_0sb0j6n)</small></p></li><li><p>Registro de Ocorrência &lt;---&gt; Registrar RO <small style=\"color: silver;\" data-mce-style=\"color: silver;\">(*Relative to process object: DataInputAssociation_0gu117p)</small></p></li><li><p>Registrar RO &lt;---&gt; Registro de Ocorrência <small style=\"color: silver;\" data-mce-style=\"color: silver;\">(*Relative to process object: DataOutputAssociation_0nkpndv)</small></p></li><li><p>Registro de Ocorrência &lt;---&gt; Enviar RO <small style=\"color: silver;\" data-mce-style=\"color: silver;\">(*Relative to process object: DataInputAssociation_10aywld)</small></p></li><li><p>[Delegacia de Descoberta de Paradeiros (DDPA)] &lt;---&gt; [Delegacia de Descoberta de Paradeiros (DDPA)] ([Registrar RO]) <small style=\"color: silver;\" data-mce-style=\"color: silver;\">(*Relative to process object: SequenceFlow_133eu4j)</small></p></li><li><p>Registrar Fato Atípico &lt;---&gt; ROWEB <small style=\"color: silver;\" data-mce-style=\"color: silver;\">(*Relative to process object: DataOutputAssociation_10es4gb)</small></p></li><li><p>Registrar RO &lt;---&gt; Registro de Ocorrência <small style=\"color: silver;\" data-mce-style=\"color: silver;\">(*Relative to process object: DataOutputAssociation_0zr2l9d)</small></p></li><li><p>[Delegacia de Descoberta de Paradeiros (DDPA)] &lt;---&gt; [Delegacia de Descoberta de Paradeiros (DDPA)] ([Registrar Fato Atípico]) <small style=\"color: silver;\" data-mce-style=\"color: silver;\">(*Relative to process object: SequenceFlow_0fx91u1)</small></p></li><li><p>[Delegacia de Descoberta de Paradeiros (DDPA)] &lt;---&gt; [Delegacia de Descoberta de Paradeiros (DDPA)] ([Encerrar Atendimento]) <small style=\"color: silver;\" data-mce-style=\"color: silver;\">(*Relative to process object: SequenceFlow_1aafogz)</small></p></li><li><p>Registrar RO &lt;---&gt; ROWEB <small style=\"color: silver;\" data-mce-style=\"color: silver;\">(*Relative to process object: DataOutputAssociation_1be288h)</small></p></li><li><p>[Delegacia de Descoberta de Paradeiros (DDPA)] &lt;---&gt; [Delegacia de Descoberta de Paradeiros (DDPA)] ([Atendimento Encerrado]) <small style=\"color: silver;\" data-mce-style=\"color: silver;\">(*Relative to process object: SequenceFlow_0f7ckg5)</small></p></li><li><p>Enviar RO &lt;---&gt; ROWEB <small style=\"color: silver;\" data-mce-style=\"color: silver;\">(*Relative to process object: DataOutputAssociation_0wramjf)</small></p></li><li><p>[Delegacia de Descoberta de Paradeiros (DDPA)] &lt;---&gt; [Delegacia de Descoberta de Paradeiros (DDPA)] ([Avaliar o Caso]) <small style=\"color: silver;\" data-mce-style=\"color: silver;\">(*Relative to process object: SequenceFlow_0b79jh2)</small></p></li><li><p>Registro de Ocorrência &lt;---&gt; Registrar RO <small style=\"color: silver;\" data-mce-style=\"color: silver;\">(*Relative to process object: DataInputAssociation_0a7ys5m)</small></p></li><li><p>[Delegacia de Descoberta de Paradeiros (DDPA)] &lt;---&gt; [Delegacia de Descoberta de Paradeiros (DDPA)] ([RO Enviado]) <small style=\"color: silver;\" data-mce-style=\"color: silver;\">(*Relative to process object: SequenceFlow_18wdiz1)</small></p></li><li><p>[Delegacia de Descoberta de Paradeiros (DDPA)] &lt;---&gt; [Delegacia de Descoberta de Paradeiros (DDPA)] ([Colher Informações]) <small style=\"color: silver;\" data-mce-style=\"color: silver;\">(*Relative to process object: SequenceFlow_0fx91u1)</small></p></li><li><p>[Delegacia de Descoberta de Paradeiros (DDPA)] &lt;---&gt; [Delegacia de Descoberta de Paradeiros (DDPA)] ([Enviar RO]) <small style=\"color: silver;\" data-mce-style=\"color: silver;\">(*Relative to process object: SequenceFlow_1ex7rt4)</small></p></li><li><p>[Delegacia de Descoberta de Paradeiros (DDPA)] &lt;---&gt; [Delegacia de Descoberta de Paradeiros (DDPA)] ([Acolher Pessoa]) <small style=\"color: silver;\" data-mce-style=\"color: silver;\">(*Relative to process object: SequenceFlow_15jfpsh)</small></p></li><li><p>Registro de Ocorrência &lt;---&gt; Registrar RO <small style=\"color: silver;\" data-mce-style=\"color: silver;\">(*Relative to process object: DataInputAssociation_0qxz10j)</small></p></li></ul></ol><li><h3>Game World</h3></li><ol><li><h3>Environment</h3></li><li><h3>Scenarios (Places)</h3></li><ul><li><p>Delegacia de Descoberta de Paradeiros (DDPA) <small style=\"color: silver;\" data-mce-style=\"color: silver;\">(*Relative to process object: Lane_0g34sdj)</small></p></li></ul></ol><li><h3>Game Mechanics and Rules</h3></li><ol><li><h3>Player / Characters Actions</h3></li><li><h3>Game Rules</h3></li><ul><li><p>If [Avaliar o Caso] == [Caso de Desaparecimento] then [Colher Informações] <small style=\"color: silver;\" data-mce-style=\"color: silver;\">(*Relative to process object: ExclusiveGateway_0jbo8qp)</small></p></li><li><p>If [Avaliar o Caso] == [Outro Tipo de Caso] then [Registrar Fato Atípico] <small style=\"color: silver;\" data-mce-style=\"color: silver;\">(*Relative to process object: ExclusiveGateway_0jbo8qp)</small></p></li></ul><li><h3>Game Feedbacks</h3></li><ol><li><h3>Tasks and Quests Feedbacks</h3></li><li><h3>Rewards</h3></li><ul><li><p>Registro de Ocorrência <small style=\"color: silver;\" data-mce-style=\"color: silver;\">(*Relative to process object: DataObjectReference_0csr1pb)</small></p></li><li><p>ROWEB <small style=\"color: silver;\" data-mce-style=\"color: silver;\">(*Relative to process object: DataStoreReference_1avuz6e)</small></p></li><li><p>Documentos <small style=\"color: silver;\" data-mce-style=\"color: silver;\">(*Relative to process object: DataObjectReference_1sdzcqt)</small></p></li></ul><li><h3>Game Messages</h3></li></ol></ol><li><h3>Scenes, Materials and Bonus</h3></li></ol>');
/*!40000 ALTER TABLE `projectgdd` ENABLE KEYS */;
UNLOCK TABLES;

--
-- Table structure for table `projectgddsection`
--

DROP TABLE IF EXISTS `projectgddsection`;
/*!40101 SET @saved_cs_client     = @@character_set_client */;
/*!40101 SET character_set_client = utf8 */;
CREATE TABLE `projectgddsection` (
  `Id` varchar(40) NOT NULL,
  `Title` varchar(255) DEFAULT NULL,
  `idProjectGdd` varchar(40) DEFAULT NULL,
  `idGddSection` varchar(40) DEFAULT NULL,
  `DtHoraCadastro` datetime DEFAULT NULL,
  PRIMARY KEY (`Id`),
  KEY `idProjectGdd` (`idProjectGdd`),
  KEY `idGddSection` (`idGddSection`),
  CONSTRAINT `FK66A097DA2A8DB0BE` FOREIGN KEY (`idGddSection`) REFERENCES `projectgddsection` (`Id`),
  CONSTRAINT `FK66A097DA32715418` FOREIGN KEY (`idProjectGdd`) REFERENCES `projectgdd` (`Id`)
) ENGINE=InnoDB DEFAULT CHARSET=utf8;
/*!40101 SET character_set_client = @saved_cs_client */;

--
-- Dumping data for table `projectgddsection`
--

LOCK TABLES `projectgddsection` WRITE;
/*!40000 ALTER TABLE `projectgddsection` DISABLE KEYS */;
/*!40000 ALTER TABLE `projectgddsection` ENABLE KEYS */;
UNLOCK TABLES;

--
-- Table structure for table `projectgddsectioncontent`
--

DROP TABLE IF EXISTS `projectgddsectioncontent`;
/*!40101 SET @saved_cs_client     = @@character_set_client */;
/*!40101 SET character_set_client = utf8 */;
CREATE TABLE `projectgddsectioncontent` (
  `Id` varchar(40) NOT NULL,
  `Content` longtext,
  `GameGenreTitle` varchar(255) DEFAULT NULL,
  `Automatic` tinyint(1) DEFAULT NULL,
  `idGddSection` varchar(40) DEFAULT NULL,
  PRIMARY KEY (`Id`),
  KEY `idGddSection` (`idGddSection`),
  CONSTRAINT `FKB187314D2A8DB0BE` FOREIGN KEY (`idGddSection`) REFERENCES `projectgddsection` (`Id`)
) ENGINE=InnoDB DEFAULT CHARSET=utf8;
/*!40101 SET character_set_client = @saved_cs_client */;

--
-- Dumping data for table `projectgddsectioncontent`
--

LOCK TABLES `projectgddsectioncontent` WRITE;
/*!40000 ALTER TABLE `projectgddsectioncontent` DISABLE KEYS */;
/*!40000 ALTER TABLE `projectgddsectioncontent` ENABLE KEYS */;
UNLOCK TABLES;

--
-- Table structure for table `projects`
--

DROP TABLE IF EXISTS `projects`;
/*!40101 SET @saved_cs_client     = @@character_set_client */;
/*!40101 SET character_set_client = utf8 */;
CREATE TABLE `projects` (
  `idDesigner` varchar(40) NOT NULL,
  `idProject` varchar(40) NOT NULL,
  KEY `idProject` (`idProject`),
  KEY `idDesigner` (`idDesigner`),
  KEY `idProject_2` (`idProject`),
  KEY `idDesigner_2` (`idDesigner`),
  CONSTRAINT `FK6E25D85A638896E9` FOREIGN KEY (`idDesigner`) REFERENCES `designer` (`Id`),
  CONSTRAINT `FK6E25D85A6BCBAFA8` FOREIGN KEY (`idProject`) REFERENCES `project` (`Id`),
  CONSTRAINT `FK9048BE8C27192DC4` FOREIGN KEY (`idProject`) REFERENCES `project` (`Id`),
  CONSTRAINT `FK9048BE8C66E920A6` FOREIGN KEY (`idDesigner`) REFERENCES `designer` (`Id`)
) ENGINE=InnoDB DEFAULT CHARSET=utf8;
/*!40101 SET character_set_client = @saved_cs_client */;

--
-- Dumping data for table `projects`
--

LOCK TABLES `projects` WRITE;
/*!40000 ALTER TABLE `projects` DISABLE KEYS */;
/*!40000 ALTER TABLE `projects` ENABLE KEYS */;
UNLOCK TABLES;

--
-- Table structure for table `projectsolicitation`
--

DROP TABLE IF EXISTS `projectsolicitation`;
/*!40101 SET @saved_cs_client     = @@character_set_client */;
/*!40101 SET character_set_client = utf8 */;
CREATE TABLE `projectsolicitation` (
  `Id` varchar(40) NOT NULL,
  `idProject` varchar(40) DEFAULT NULL,
  `idDesigner` varchar(40) DEFAULT NULL,
  `Date` datetime DEFAULT NULL,
  PRIMARY KEY (`Id`),
  KEY `idProject` (`idProject`),
  KEY `idDesigner` (`idDesigner`),
  KEY `idProject_2` (`idProject`),
  KEY `idDesigner_2` (`idDesigner`),
  KEY `idProject_3` (`idProject`),
  KEY `idDesigner_3` (`idDesigner`),
  CONSTRAINT `FK78B2B071638896E9` FOREIGN KEY (`idDesigner`) REFERENCES `designer` (`Id`),
  CONSTRAINT `FK78B2B0716BCBAFA8` FOREIGN KEY (`idProject`) REFERENCES `project` (`Id`),
  CONSTRAINT `FK8410E4A327192DC4` FOREIGN KEY (`idProject`) REFERENCES `project` (`Id`),
  CONSTRAINT `FK8410E4A366E920A6` FOREIGN KEY (`idDesigner`) REFERENCES `designer` (`Id`),
  CONSTRAINT `FKD0DC67A1638896E9` FOREIGN KEY (`idDesigner`) REFERENCES `designer` (`Id`),
  CONSTRAINT `FKD0DC67A16BCBAFA8` FOREIGN KEY (`idProject`) REFERENCES `project` (`Id`)
) ENGINE=InnoDB DEFAULT CHARSET=utf8;
/*!40101 SET character_set_client = @saved_cs_client */;

--
-- Dumping data for table `projectsolicitation`
--

LOCK TABLES `projectsolicitation` WRITE;
/*!40000 ALTER TABLE `projectsolicitation` DISABLE KEYS */;
/*!40000 ALTER TABLE `projectsolicitation` ENABLE KEYS */;
UNLOCK TABLES;

--
-- Table structure for table `user`
--

DROP TABLE IF EXISTS `user`;
/*!40101 SET @saved_cs_client     = @@character_set_client */;
/*!40101 SET character_set_client = utf8 */;
CREATE TABLE `user` (
  `Id` varchar(40) NOT NULL,
  `UserName` varchar(255) DEFAULT NULL,
  `Email` varchar(255) DEFAULT NULL,
  `Password` varchar(255) DEFAULT NULL,
  `IdDesigner` varchar(40) DEFAULT NULL,
  PRIMARY KEY (`Id`),
  KEY `IdDesigner` (`IdDesigner`),
  KEY `IdDesigner_2` (`IdDesigner`),
  KEY `IdDesigner_3` (`IdDesigner`),
  CONSTRAINT `FK564EC98966E920A6` FOREIGN KEY (`IdDesigner`) REFERENCES `designer` (`Id`),
  CONSTRAINT `FK7185C15C638896E9` FOREIGN KEY (`IdDesigner`) REFERENCES `designer` (`Id`),
  CONSTRAINT `FK7185C17C638896E9` FOREIGN KEY (`IdDesigner`) REFERENCES `designer` (`Id`)
) ENGINE=InnoDB DEFAULT CHARSET=utf8;
/*!40101 SET character_set_client = @saved_cs_client */;

--
-- Dumping data for table `user`
--

LOCK TABLES `user` WRITE;
/*!40000 ALTER TABLE `user` DISABLE KEYS */;
INSERT INTO `user` VALUES ('02445888-382b-4a94-a2d4-fef850bfecd1','Hamilton','hamiltonmb.silva@gmail.com','247845','df6e9c9b-e3f6-4f9e-94c8-2e8b9616a636'),('0f42184a-f4de-4d31-ba9a-763ca7a3100c','Daniel Lopes','danieljfsantos@gmail.com','veronica2026','c2a00fa7-8831-4a2d-acd7-61e7b17c30b6'),('287040c6-50d0-4227-b645-f235d1eae7c2','Pedro Coquito','coquito.pedro@gmail.com','coquito','d389e7b3-4570-4a8c-9032-5f8409102ac7'),('2b988b08-21f7-45e3-a236-e90d2cb6cb72','Victor Almeida','victor.henriques@viannasempre.com.br','slash130266','49f7d49e-994c-4b0c-b3db-b34bbb69b044'),('6052e0f0-dd05-4b97-a690-8b6affb9b72b','Hamilton','hamiltonmb.silva@gmail.com','247845','155b7bb4-b4de-460a-b03d-e9dedf293703'),('63a4bdc2-e66a-443d-a9eb-713cc6b57c29','Romulo','romuloroger.contatos@gmail.com','Romulo9436;','d16a3b87-dcdc-41eb-a350-7126701b8e6f'),('811c5b9f-31ab-4e5f-831c-7fd103b1e269','Karoline Quetz','karolsouzaq@gmail.com','32121630','95e5c5ca-8525-4ea6-afed-1b851916a614'),('8d394909-7b95-4926-8409-ca23ac33d4fa','Diego Alvim','diegoabjf@gmail.com','1234','9206a323-1f3f-4e91-ae12-d57b05c22f90'),('e6567d17-8200-4618-b9ed-d93fd2916497','Joao','joao@joao.com.br','123456','b1a484b8-8b4d-4e0d-ae12-6f2606e15ed8'),('f95455b3-acf8-4d63-8be4-43dd3c72b64c','Tadeu Classe','tadeu.classe@gmail.com','@TadeuClasse28','93ec0d75-d9ea-4982-9864-9b81d215cb95');
/*!40000 ALTER TABLE `user` ENABLE KEYS */;
UNLOCK TABLES;

--
-- Table structure for table `version`
--

DROP TABLE IF EXISTS `version`;
/*!40101 SET @saved_cs_client     = @@character_set_client */;
/*!40101 SET character_set_client = utf8 */;
CREATE TABLE `version` (
  `Id` varchar(40) NOT NULL,
  `VersionNumber` int(11) DEFAULT NULL,
  PRIMARY KEY (`Id`)
) ENGINE=InnoDB DEFAULT CHARSET=utf8;
/*!40101 SET character_set_client = @saved_cs_client */;

--
-- Dumping data for table `version`
--

LOCK TABLES `version` WRITE;
/*!40000 ALTER TABLE `version` DISABLE KEYS */;
INSERT INTO `version` VALUES ('026d741b-0e8f-4be2-b133-9438a7d02x21',2);
/*!40000 ALTER TABLE `version` ENABLE KEYS */;
UNLOCK TABLES;
/*!40103 SET TIME_ZONE=@OLD_TIME_ZONE */;

/*!40101 SET SQL_MODE=@OLD_SQL_MODE */;
/*!40014 SET FOREIGN_KEY_CHECKS=@OLD_FOREIGN_KEY_CHECKS */;
/*!40014 SET UNIQUE_CHECKS=@OLD_UNIQUE_CHECKS */;
/*!40101 SET CHARACTER_SET_CLIENT=@OLD_CHARACTER_SET_CLIENT */;
/*!40101 SET CHARACTER_SET_RESULTS=@OLD_CHARACTER_SET_RESULTS */;
/*!40101 SET COLLATION_CONNECTION=@OLD_COLLATION_CONNECTION */;
/*!40111 SET SQL_NOTES=@OLD_SQL_NOTES */;

-- Dump completed on 2018-07-04 14:41:20
